-- phpMyAdmin SQL Dump
-- version 3.5.1
-- http://www.phpmyadmin.net
--
-- Хост: 127.0.0.1
-- Время создания: Окт 07 2014 г., 00:20
-- Версия сервера: 5.5.25
-- Версия PHP: 5.3.13

SET SQL_MODE="NO_AUTO_VALUE_ON_ZERO";
SET time_zone = "+00:00";


/*!40101 SET @OLD_CHARACTER_SET_CLIENT=@@CHARACTER_SET_CLIENT */;
/*!40101 SET @OLD_CHARACTER_SET_RESULTS=@@CHARACTER_SET_RESULTS */;
/*!40101 SET @OLD_COLLATION_CONNECTION=@@COLLATION_CONNECTION */;
/*!40101 SET NAMES utf8 */;

--
-- База данных: `manager`
--

-- --------------------------------------------------------

--
-- Структура таблицы `attributes`
--

CREATE TABLE IF NOT EXISTS `attributes` (
  `attribute_id` tinyint(3) unsigned NOT NULL AUTO_INCREMENT,
  `name` varchar(255) NOT NULL,
  `desc` varchar(255) NOT NULL,
  PRIMARY KEY (`attribute_id`)
) ENGINE=InnoDB  DEFAULT CHARSET=utf8 AUTO_INCREMENT=11 ;

--
-- Дамп данных таблицы `attributes`
--

INSERT INTO `attributes` (`attribute_id`, `name`, `desc`) VALUES
(1, 'ДСП стільниці', 'ДСП для стільниці'),
(2, 'Покраска', 'Вибір покраски'),
(3, 'Штучний камінь', 'Штучний камінь для стільниці'),
(4, 'Пластик', 'Пластик для стільниці'),
(5, 'Скло', 'Скло для стільниці'),
(9, 'ДСП', 'ДСП для каркасу'),
(10, 'Обивка', 'Обивка стільця чи табурета');

-- --------------------------------------------------------

--
-- Структура таблицы `cities`
--

CREATE TABLE IF NOT EXISTS `cities` (
  `city_id` smallint(6) NOT NULL AUTO_INCREMENT,
  `city_name` varchar(35) NOT NULL,
  `region_name` varchar(35) NOT NULL,
  PRIMARY KEY (`city_id`)
) ENGINE=InnoDB  DEFAULT CHARSET=utf8 AUTO_INCREMENT=461 ;

--
-- Дамп данных таблицы `cities`
--

INSERT INTO `cities` (`city_id`, `city_name`, `region_name`) VALUES
(1, 'Авдіївка', 'Донецька область'),
(2, 'Алмазна', 'Луганська область'),
(3, 'Алупка', 'Автономна Республіка Крим'),
(4, 'Алушта', 'Автономна Республіка Крим'),
(5, 'Алчевськ', 'Луганська область'),
(6, 'Амвросіївка', 'Донецька область'),
(7, 'Ананьїв', 'Одеська область'),
(8, 'Андрушівка', 'Житомирська область'),
(9, 'Антрацит', 'Луганська область'),
(10, 'Апостолове', 'Дніпропетровська область'),
(11, 'Армянськ', 'Автономна Республіка Крим'),
(12, 'Артемівськ', 'Луганська область'),
(13, 'Артемівськ', 'Донецька область'),
(14, 'Артемове', 'Донецька область'),
(15, 'Арциз', 'Одеська область'),
(16, 'Балаклія', 'Харківська область'),
(17, 'Балта', 'Одеська область'),
(18, 'Бар', 'Вінницька область'),
(19, 'Баранівка', 'Житомирська область'),
(20, 'Барвінкове', 'Харківська область'),
(21, 'Батурин', 'Чернігівська область'),
(22, 'Бахмач', 'Чернігівська область'),
(23, 'Бахчисарай', 'Автономна Республіка Крим'),
(24, 'Баштанка', 'Миколаївська область'),
(25, 'Белз', 'Львівська область'),
(26, 'Бердичів', 'Житомирська область'),
(27, 'Бердянськ', 'Запорізька область'),
(28, 'Берегове', 'Закарпатська область'),
(29, 'Бережани', 'Тернопільська область'),
(30, 'Березань', 'Київська область'),
(31, 'Березівка', 'Одеська область'),
(32, 'Березне', 'Рівненська область'),
(33, 'Берестечко', 'Волинська область'),
(34, 'Берислав', 'Херсонська область'),
(35, 'Бершадь', 'Вінницька область'),
(36, 'Бібрка', 'Львівська область'),
(37, 'Біла Церква', 'Київська область'),
(38, 'Білгород-Дністровський', 'Одеська область'),
(39, 'Білицьке', 'Донецька область'),
(40, 'Білогірськ', 'Автономна Республіка Крим'),
(41, 'Білозерське', 'Донецька область'),
(42, 'Білопілля', 'Сумська область'),
(43, 'Біляївка', 'Одеська область'),
(44, 'Бобринець', 'Кіровоградська область'),
(45, 'Бобровиця', 'Чернігівська область'),
(46, 'Богодухів', 'Харківська область'),
(47, 'Богуслав', 'Київська область'),
(48, 'Болград', 'Одеська область'),
(49, 'Болехів', 'Івано-Франківська область'),
(50, 'Борзна', 'Чернігівська область'),
(51, 'Борислав', 'Львівська область'),
(52, 'Бориспіль', 'Київська область'),
(53, 'Борщів', 'Тернопільська область'),
(54, 'Боярка', 'Київська область'),
(55, 'Бровари', 'Київська область'),
(56, 'Броди', 'Львівська область'),
(57, 'Брянка', 'Луганська область'),
(58, 'Буринь', 'Сумська область'),
(59, 'Бурштин', 'Івано-Франківська область'),
(60, 'Буськ', 'Львівська область'),
(61, 'Буча', 'Київська область'),
(62, 'Бучач', 'Тернопільська область'),
(63, 'Валки', 'Харківська область'),
(64, 'Василівка', 'Запорізька область'),
(65, 'Васильків', 'Київська область'),
(66, 'Ватутіне', 'Черкаська область'),
(67, 'Вахрушеве', 'Луганська область'),
(68, 'Вашківці', 'Чернівецька область'),
(69, 'Великі Мости', 'Львівська область'),
(70, 'Верхівцеве', 'Дніпропетровська область'),
(71, 'Верхньодніпровськ', 'Дніпропетровська область'),
(72, 'Вижниця', 'Чернівецька область'),
(73, 'Вилкове', 'Одеська область'),
(74, 'Винники', 'Львівська область'),
(75, 'Виноградів', 'Закарпатська область'),
(76, 'Вишгород', 'Київська область'),
(77, 'Вишневе', 'Київська область'),
(78, 'Вільногірськ', 'Дніпропетровська область'),
(79, 'Вільнянськ', 'Запорізька область'),
(80, 'Вінниця', 'Вінницька область'),
(81, 'Вовчанськ', 'Харківська область'),
(82, 'Вознесенськ', 'Миколаївська область'),
(83, 'Волноваха', 'Донецька область'),
(84, 'Володимир-Волинський', 'Волинська область'),
(85, 'Волочиськ', 'Хмельницька область'),
(86, 'Ворожба', 'Сумська область'),
(87, 'Вуглегірськ', 'Донецька область'),
(88, 'Вугледар', 'Донецька область'),
(89, 'Гадяч', 'Полтавська область'),
(90, 'Гайворон', 'Кіровоградська область'),
(91, 'Гайсин', 'Вінницька область'),
(92, 'Галич', 'Івано-Франківська область'),
(93, 'Генічеськ', 'Херсонська область'),
(94, 'Герца', 'Чернівецька область'),
(95, 'Гірник', 'Донецька область'),
(96, 'Гірське', 'Луганська область'),
(97, 'Глиняни', 'Львівська область'),
(98, 'Глобине', 'Полтавська область'),
(99, 'Глухів', 'Сумська область'),
(100, 'Гнівань', 'Вінницька область'),
(101, 'Гола Пристань', 'Херсонська область'),
(102, 'Горлівка', 'Донецька область'),
(103, 'Городенка', 'Івано-Франківська область'),
(104, 'Городище', 'Черкаська область'),
(105, 'Городня', 'Чернігівська область'),
(106, 'Городок', 'Львівська область'),
(107, 'Городок', 'Хмельницька область'),
(108, 'Горохів', 'Волинська область'),
(109, 'Гребінка', 'Полтавська область'),
(110, 'Гуляйполе', 'Запорізька область'),
(111, 'Дебальцеве', 'Донецька область'),
(112, 'Деражня', 'Хмельницька область'),
(113, 'Дергачі', 'Харківська область'),
(114, 'Джанкой', 'Автономна Республіка Крим'),
(115, 'Дзержинськ', 'Донецька область'),
(116, 'Димитров', 'Донецька область'),
(117, 'Дніпродзержинськ', 'Дніпропетровська область'),
(118, 'Дніпропетровськ', 'Дніпропетровська область'),
(119, 'Дніпрорудне', 'Запорізька область'),
(120, 'Добромиль', 'Львівська область'),
(121, 'Добропілля', 'Донецька область'),
(122, 'Докучаєвськ', 'Донецька область'),
(123, 'Долина', 'Івано-Франківська область'),
(124, 'Долинська', 'Кіровоградська область'),
(125, 'Донецьк', 'Донецька область'),
(126, 'Дрогобич', 'Львівська область'),
(127, 'Дружба', 'Сумська область'),
(128, 'Дружківка', 'Донецька область'),
(129, 'Дубляни', 'Львівська область'),
(130, 'Дубно', 'Рівненська область'),
(131, 'Дубровиця', 'Рівненська область'),
(132, 'Дунаївці', 'Хмельницька область'),
(133, 'Енергодар', 'Запорізька область'),
(134, 'Євпаторія', 'Автономна Республіка Крим'),
(135, 'Єнакієве', 'Донецька область'),
(136, 'Жашків', 'Черкаська область'),
(137, 'Жданівка', 'Донецька область'),
(138, 'Жидачів', 'Львівська область'),
(139, 'Житомир', 'Житомирська область'),
(140, 'Жмеринка', 'Вінницька область'),
(141, 'Жовква', 'Львівська область'),
(142, 'Жовті Води', 'Дніпропетровська область'),
(143, 'Заліщики', 'Тернопільська область'),
(144, 'Запоріжжя', 'Запорізька область'),
(145, 'Заставна', 'Чернівецька область'),
(146, 'Збараж', 'Тернопільська область'),
(147, 'Зборів', 'Тернопільська область'),
(148, 'Звенигородка', 'Черкаська область'),
(149, 'Здолбунів', 'Рівненська область'),
(150, 'Зеленодольськ', 'Дніпропетровська область'),
(151, 'Зимогір''я', 'Луганська область'),
(152, 'Зіньків', 'Полтавська область'),
(153, 'Зміїв', 'Харківська область'),
(154, 'Знам''янка', 'Кіровоградська область'),
(155, 'Золоте', 'Луганська область'),
(156, 'Золотоноша', 'Черкаська область'),
(157, 'Золочів', 'Львівська область'),
(158, 'Зоринськ', 'Луганська область'),
(159, 'Зугрес', 'Донецька область'),
(160, 'Івано-Франківськ', 'Івано-Франківська область'),
(161, 'Ізмаїл', 'Одеська область'),
(162, 'Ізюм', 'Харківська область'),
(163, 'Ізяслав', 'Хмельницька область'),
(164, 'Іллінці', 'Вінницька область'),
(165, 'Іллічівськ', 'Одеська область'),
(166, 'Іловайськ', 'Донецька область'),
(167, 'Інкерман', 'м. Севастополь'),
(168, 'Ірміно', 'Луганська область'),
(169, 'Ірпінь', 'Київська область'),
(170, 'Іршава', 'Закарпатська область'),
(171, 'Ічня', 'Чернігівська область'),
(172, 'Кагарлик', 'Київська область'),
(173, 'Калинівка', 'Вінницька область'),
(174, 'Калуш', 'Івано-Франківська область'),
(175, 'Кам''янець-Подільський', 'Хмельницька область'),
(176, 'Кам''янка-Бузька', 'Львівська область'),
(177, 'Кам''янка-Дніпровська', 'Запорізька область'),
(178, 'Кам''янка', 'Черкаська область'),
(179, 'Камінь-Каширський', 'Волинська область'),
(180, 'Канів', 'Черкаська область'),
(181, 'Карлівка', 'Полтавська область'),
(182, 'Каховка', 'Херсонська область'),
(183, 'Керч', 'Автономна Республіка Крим'),
(184, 'КИЇВ', 'Київська область'),
(185, 'Ківерці', 'Волинська область'),
(186, 'Кілія', 'Одеська область'),
(187, 'Кіровоград', 'Кіровоградська область'),
(188, 'Кіровськ', 'Луганська область'),
(189, 'Кіровське', 'Донецька область'),
(190, 'Кіцмань', 'Чернівецька область'),
(191, 'Кобеляки', 'Полтавська область'),
(192, 'Ковель', 'Волинська область'),
(193, 'Кодима', 'Одеська область'),
(194, 'Козятин', 'Вінницька область'),
(195, 'Коломия', 'Івано-Франківська область'),
(196, 'Комарно', 'Львівська область'),
(197, 'Комсомольськ', 'Полтавська область'),
(198, 'Комсомольське', 'Донецька область'),
(199, 'Конотоп', 'Сумська область'),
(200, 'Копичинці', 'Тернопільська область'),
(201, 'Корець', 'Рівненська область'),
(202, 'Коростень', 'Житомирська область'),
(203, 'Коростишів', 'Житомирська область'),
(204, 'Корсунь-Шевченківський', 'Черкаська область'),
(205, 'Корюківка', 'Чернігівська область'),
(206, 'Косів', 'Івано-Франківська область'),
(207, 'Костопіль', 'Рівненська область'),
(208, 'Костянтинівка', 'Донецька область'),
(209, 'Котовськ', 'Одеська область'),
(210, 'Краматорськ', 'Донецька область'),
(211, 'Красилів', 'Хмельницька область'),
(212, 'Красний Лиман', 'Донецька область'),
(213, 'Красний Луч', 'Луганська область'),
(214, 'Красноармійськ', 'Донецька область'),
(215, 'Красногорівка', 'Донецька область'),
(216, 'Красноград', 'Харківська область'),
(217, 'Краснодон', 'Луганська область'),
(218, 'Красноперекопськ', 'Автономна Республіка Крим'),
(219, 'Кременець', 'Тернопільська область'),
(220, 'Кременчук', 'Полтавська область'),
(221, 'Кремінна', 'Луганська область'),
(222, 'Кривий Ріг', 'Дніпропетровська область'),
(223, 'Кролевець', 'Сумська область'),
(224, 'Кузнецовськ', 'Рівненська область'),
(225, 'Куп''янськ', 'Харківська область'),
(226, 'Курахове', 'Донецька область'),
(227, 'Ладижин', 'Вінницька область'),
(228, 'Ланівці', 'Тернопільська область'),
(229, 'Лебедин', 'Сумська область'),
(230, 'Липовець', 'Вінницька область'),
(231, 'Лисичанськ', 'Луганська область'),
(232, 'Лозова', 'Харківська область'),
(233, 'Лохвиця', 'Полтавська область'),
(234, 'Лубни', 'Полтавська область'),
(235, 'Луганськ', 'Луганська область'),
(236, 'Лутугине', 'Луганська область'),
(237, 'Луцьк', 'Волинська область'),
(238, 'Львів', 'Львівська область'),
(239, 'Любомль', 'Волинська область'),
(240, 'Люботин', 'Харківська область'),
(241, 'Макіївка', 'Донецька область'),
(242, 'Мала Виска', 'Кіровоградська область'),
(243, 'Малин', 'Житомирська область'),
(244, 'Мар''їнка', 'Донецька область'),
(245, 'Марганець', 'Дніпропетровська область'),
(246, 'Маріуполь', 'Донецька область'),
(247, 'Мелітополь', 'Запорізька область'),
(248, 'Мена', 'Чернігівська область'),
(249, 'Мерефа', 'Харківська область'),
(250, 'Миколаїв', 'Львівська область'),
(251, 'Миколаїв', 'Миколаївська область'),
(252, 'Миколаївка', 'Донецька область'),
(253, 'Миргород', 'Полтавська область'),
(254, 'Миронівка', 'Київська область'),
(255, 'Міусинськ', 'Луганська область'),
(256, 'Могилів-Подільський', 'Вінницька область'),
(257, 'Молодогвардійськ', 'Луганська область'),
(258, 'Молочанськ', 'Запорізька область'),
(259, 'Монастириська', 'Тернопільська область'),
(260, 'Монастирище', 'Черкаська область'),
(261, 'Моршин', 'Львівська область'),
(262, 'Моспине', 'Донецька область'),
(263, 'Мостиська', 'Львівська область'),
(264, 'Мукачеве', 'Закарпатська область'),
(265, 'Надвірна', 'Івано-Франківська область'),
(266, 'Немирів', 'Вінницька область'),
(267, 'Нетішин', 'Хмельницька область'),
(268, 'Ніжин', 'Чернігівська область'),
(269, 'Нікополь', 'Дніпропетровська область'),
(270, 'Нова Каховка', 'Херсонська область'),
(271, 'Нова Одеса', 'Миколаївська область'),
(272, 'Новгород-Сіверський', 'Чернігівська область'),
(273, 'Новий Буг', 'Миколаївська область'),
(274, 'Новий Калинів', 'Львівська область'),
(275, 'Новий Розділ', 'Львівська область'),
(276, 'Новоазовськ', 'Донецька область'),
(277, 'Нововолинськ', 'Волинська область'),
(278, 'Новоград-Волинський', 'Житомирська область'),
(279, 'Новогродівка', 'Донецька область'),
(280, 'Новодністровськ', 'Чернівецька область'),
(281, 'Новодружеськ', 'Луганська область'),
(282, 'Новомиргород', 'Кіровоградська область'),
(283, 'Новомосковськ', 'Дніпропетровська область'),
(284, 'Новоселиця', 'Чернівецька область'),
(285, 'Новоукраїнка', 'Кіровоградська область'),
(286, 'Новояворівськ', 'Львівська область'),
(287, 'Носівка', 'Чернігівська область'),
(288, 'Обухів', 'Київська область'),
(289, 'Овруч', 'Житомирська область'),
(290, 'Одеса', 'Одеська область'),
(291, 'Олевськ', 'Житомирська область'),
(292, 'Олександрівськ', 'Луганська область'),
(293, 'Олександрія', 'Кіровоградська область'),
(294, 'Орджонікідзе', 'Дніпропетровська область'),
(295, 'Оріхів', 'Запорізька область'),
(296, 'Остер', 'Чернігівська область'),
(297, 'Острог', 'Рівненська область'),
(298, 'Охтирка', 'Сумська область'),
(299, 'Очаків', 'Миколаївська область'),
(300, 'П''ятихатки', 'Дніпропетровська область'),
(301, 'Павлоград', 'Дніпропетровська область'),
(302, 'Первомайськ', 'Луганська область'),
(303, 'Первомайськ', 'Миколаївська область'),
(304, 'Первомайський', 'Харківська область'),
(305, 'Перевальськ', 'Луганська область'),
(306, 'Перемишляни', 'Львівська область'),
(307, 'Перечин', 'Закарпатська область'),
(308, 'Перещепине', 'Дніпропетровська область'),
(309, 'Переяслав-Хмельницький', 'Київська область'),
(310, 'Першотравенськ', 'Дніпропетровська область'),
(311, 'Петровське', 'Луганська область'),
(312, 'Пирятин', 'Полтавська область'),
(313, 'Південне', 'Харківська область'),
(314, 'Підгайці', 'Тернопільська область'),
(315, 'Підгородне', 'Дніпропетровська область'),
(316, 'Погребище', 'Вінницька область'),
(317, 'Пологи', 'Запорізька область'),
(318, 'Полонне', 'Хмельницька область'),
(319, 'Полтава', 'Полтавська область'),
(320, 'Помічна', 'Кіровоградська область'),
(321, 'Попасна', 'Луганська область'),
(322, 'Почаїв', 'Тернопільська область'),
(323, 'Привілля', 'Луганська область'),
(324, 'Прилуки', 'Чернігівська область'),
(325, 'Приморськ', 'Запорізька область'),
(326, 'Прип''ять', 'Київська область'),
(327, 'Пустомити', 'Львівська область'),
(328, 'Путивль', 'Сумська область'),
(329, 'Рава-Руська', 'Львівська область'),
(330, 'Радехів', 'Львівська область'),
(331, 'Радивилів', 'Рівненська область'),
(332, 'Радомишль', 'Житомирська область'),
(333, 'Рахів', 'Закарпатська область'),
(334, 'Рені', 'Одеська область'),
(335, 'Ржищів', 'Київська область'),
(336, 'Рівне', 'Рівненська область'),
(337, 'Ровеньки', 'Луганська область'),
(338, 'Рогатин', 'Івано-Франківська область'),
(339, 'Родинське', 'Донецька область'),
(340, 'Рожище', 'Волинська область'),
(341, 'Роздільна', 'Одеська область'),
(342, 'Ромни', 'Сумська область'),
(343, 'Рубіжне', 'Луганська область'),
(344, 'Рудки', 'Львівська область'),
(345, 'Саки', 'Автономна Республіка Крим'),
(346, 'Самбір', 'Львівська область'),
(347, 'Сарни', 'Рівненська область'),
(348, 'Свалява', 'Закарпатська область'),
(349, 'Сватове', 'Луганська область'),
(350, 'Свердловськ', 'Луганська область'),
(351, 'Світловодськ', 'Кіровоградська область'),
(352, 'Світлодарськ', 'Донецька область'),
(353, 'Святогірськ', 'Донецька область'),
(354, 'Севастополь', 'м. Севастополь'),
(355, 'Селидове', 'Донецька область'),
(356, 'Семенівка', 'Чернігівська область'),
(357, 'Середина-Буда', 'Сумська область'),
(358, 'Сєвєродонецьк', 'Луганська область'),
(359, 'Синельникове', 'Дніпропетровська область'),
(360, 'Сіверськ', 'Донецька область'),
(361, 'Сімферополь', 'Автономна Республіка Крим'),
(362, 'Скадовськ', 'Херсонська область'),
(363, 'Скалат', 'Тернопільська область'),
(364, 'Сквира', 'Київська область'),
(365, 'Сколе', 'Львівська область'),
(366, 'Славута', 'Хмельницька область'),
(367, 'Славутич', 'Київська область'),
(368, 'Слов''янськ', 'Донецька область'),
(369, 'Сміла', 'Черкаська область'),
(370, 'Снігурівка', 'Миколаївська область'),
(371, 'Сніжне', 'Донецька область'),
(372, 'Снятин', 'Івано-Франківська область'),
(373, 'Сокаль', 'Львівська область'),
(374, 'Сокиряни', 'Чернівецька область'),
(375, 'Соледар', 'Донецька область'),
(376, 'Соснівка', 'Львівська область'),
(377, 'Старий Крим', 'Автономна Республіка Крим'),
(378, 'Старий Самбір', 'Львівська область'),
(379, 'Старобільськ', 'Луганська область'),
(380, 'Старокостянтинів', 'Хмельницька область'),
(381, 'Стаханов', 'Луганська область'),
(382, 'Стебник', 'Львівська область'),
(383, 'Сторожинець', 'Чернівецька область'),
(384, 'Стрий', 'Львівська область'),
(385, 'Судак', 'Автономна Республіка Крим'),
(386, 'Судова Вишня', 'Львівська область'),
(387, 'Суми', 'Сумська область'),
(388, 'Суходільськ', 'Луганська область'),
(389, 'Таврійськ', 'Херсонська область'),
(390, 'Тальне', 'Черкаська область'),
(391, 'Тараща', 'Київська область'),
(392, 'Татарбунари', 'Одеська область'),
(393, 'Теплодар', 'Одеська область'),
(394, 'Теребовля', 'Тернопільська область'),
(395, 'Тернівка', 'Дніпропетровська область'),
(396, 'Тернопіль', 'Тернопільська область'),
(397, 'Тетіїв', 'Київська область'),
(398, 'Тисмениця', 'Івано-Франківська область'),
(399, 'Тлумач', 'Івано-Франківська область'),
(400, 'Токмак', 'Запорізька область'),
(401, 'Торез', 'Донецька область'),
(402, 'Тростянець', 'Сумська область'),
(403, 'Трускавець', 'Львівська область'),
(404, 'Тульчин', 'Вінницька область'),
(405, 'Турка', 'Львівська область'),
(406, 'Тячів', 'Закарпатська область'),
(407, 'Угнів', 'Львівська область'),
(408, 'Ужгород', 'Закарпатська область'),
(409, 'Узин', 'Київська область'),
(410, 'Українка', 'Київська область'),
(411, 'Українськ', 'Донецька область'),
(412, 'Ульяновка', 'Кіровоградська область'),
(413, 'Умань', 'Черкаська область'),
(414, 'Устилуг', 'Волинська область'),
(415, 'Фастів', 'Київська область'),
(416, 'Феодосія', 'Автономна Республіка Крим'),
(417, 'Харків', 'Харківська область'),
(418, 'Харцизьк', 'Донецька область'),
(419, 'Херсон', 'Херсонська область'),
(420, 'Хирів', 'Львівська область'),
(421, 'Хмельницький', 'Хмельницька область'),
(422, 'Хмільник', 'Вінницька область'),
(423, 'Ходорів', 'Львівська область'),
(424, 'Хорол', 'Полтавська область'),
(425, 'Хоростків', 'Тернопільська область'),
(426, 'Хотин', 'Чернівецька область'),
(427, 'Христинівка', 'Черкаська область'),
(428, 'Хуст', 'Закарпатська область'),
(429, 'Цюрупинськ', 'Херсонська область'),
(430, 'Часів Яр', 'Донецька область'),
(431, 'Червоноград', 'Львівська область'),
(432, 'Червонозаводське', 'Полтавська область'),
(433, 'Червонопартизанськ', 'Луганська область'),
(434, 'Черкаси', 'Черкаська область'),
(435, 'Чернівці', 'Чернівецька область'),
(436, 'Чернігів', 'Чернігівська область'),
(437, 'Чигирин', 'Черкаська область'),
(438, 'Чоп', 'Закарпатська область'),
(439, 'Чорнобиль', 'Київська область'),
(440, 'Чортків', 'Тернопільська область'),
(441, 'Чугуїв', 'Харківська область'),
(442, 'Чуднів', 'Житомирська область'),
(443, 'Шаргород', 'Вінницька область'),
(444, 'Шахтарськ', 'Донецька область'),
(445, 'Шепетівка', 'Хмельницька область'),
(446, 'Шостка', 'Сумська область'),
(447, 'Шпола', 'Черкаська область'),
(448, 'Шумськ', 'Тернопільська область'),
(449, 'Щастя', 'Луганська область'),
(450, 'Щолкіне', 'Автономна Республіка Крим'),
(451, 'Щорс', 'Чернігівська область'),
(452, 'Южне', 'Одеська область'),
(453, 'Южноукраїнськ', 'Миколаївська область'),
(454, 'Юнокомунарівськ', 'Донецька область'),
(455, 'Яворів', 'Львівська область'),
(456, 'Яготин', 'Київська область'),
(457, 'Ялта', 'Автономна Республіка Крим'),
(458, 'Ямпіль', 'Вінницька область'),
(459, 'Яремче', 'Івано-Франківська область'),
(460, 'Ясинувата', 'Донецька область');

-- --------------------------------------------------------

--
-- Структура таблицы `customers`
--

CREATE TABLE IF NOT EXISTS `customers` (
  `customer_id` int(10) unsigned NOT NULL AUTO_INCREMENT,
  `first_name` varchar(40) NOT NULL,
  `last_name` varchar(40) NOT NULL,
  `phone` varchar(40) NOT NULL,
  `email` varchar(50) NOT NULL,
  `city_id` int(2) NOT NULL,
  `price_group_id` int(11) NOT NULL,
  `created_on` datetime NOT NULL,
  `created_by` varchar(40) NOT NULL,
  `modified_on` datetime NOT NULL,
  `modified_by` varchar(40) NOT NULL,
  PRIMARY KEY (`customer_id`)
) ENGINE=InnoDB  DEFAULT CHARSET=utf8 AUTO_INCREMENT=206 ;

--
-- Дамп данных таблицы `customers`
--

INSERT INTO `customers` (`customer_id`, `first_name`, `last_name`, `phone`, `email`, `city_id`, `price_group_id`, `created_on`, `created_by`, `modified_on`, `modified_by`) VALUES
(147, 'Олег', 'Луцеко', '063 460 16 29', 'oleglutsenko@ukr.net', 178, 0, '0000-00-00 00:00:00', '', '0000-00-00 00:00:00', ''),
(148, 'Олег', 'Луцеко', '063 460 16 29', 'oleglutsenko@ukr.net', 66, 0, '0000-00-00 00:00:00', '', '0000-00-00 00:00:00', ''),
(149, '', '', '', '', 0, 0, '0000-00-00 00:00:00', '', '0000-00-00 00:00:00', ''),
(150, 'Олег', 'Луцеко', '01020304', 'hizzzer@mail.ru', 409, 0, '0000-00-00 00:00:00', '', '0000-00-00 00:00:00', ''),
(151, '', '', '', '', 0, 0, '0000-00-00 00:00:00', '', '0000-00-00 00:00:00', ''),
(152, '', '', '', '', 0, 0, '0000-00-00 00:00:00', '', '0000-00-00 00:00:00', ''),
(153, '', '', '', '', 0, 0, '0000-00-00 00:00:00', '', '0000-00-00 00:00:00', ''),
(154, 'ЧП', '«Олексенко»', '0974477648', 'hizzzer@mail.ru', 45, 0, '0000-00-00 00:00:00', '', '2014-08-27 22:46:55', ''),
(155, '', '', '', '', 0, 0, '0000-00-00 00:00:00', '', '0000-00-00 00:00:00', ''),
(156, '', '', '', '', 0, 0, '0000-00-00 00:00:00', '', '0000-00-00 00:00:00', ''),
(157, '', '', '', '', 0, 0, '0000-00-00 00:00:00', '', '0000-00-00 00:00:00', ''),
(158, '', '', '', '', 0, 0, '0000-00-00 00:00:00', '', '0000-00-00 00:00:00', ''),
(159, '', '', '', '', 0, 0, '0000-00-00 00:00:00', '', '0000-00-00 00:00:00', ''),
(160, '', '', '', '', 0, 0, '0000-00-00 00:00:00', '', '0000-00-00 00:00:00', ''),
(161, 'вася', 'пупкин', '101', 'hizzzer@mail.ru', 184, 0, '0000-00-00 00:00:00', '', '0000-00-00 00:00:00', ''),
(162, 'коля', 'усик', '102', 'hizzzer@mail.ru', 304, 0, '0000-00-00 00:00:00', '', '0000-00-00 00:00:00', ''),
(163, '', '', '', '', 0, 0, '0000-00-00 00:00:00', '', '0000-00-00 00:00:00', ''),
(164, '', '', '', '', 0, 0, '0000-00-00 00:00:00', '', '0000-00-00 00:00:00', ''),
(165, 'петя', 'петров', '123123', '123', 184, 0, '0000-00-00 00:00:00', '', '0000-00-00 00:00:00', ''),
(166, 'іван', 'іванов', '097 777 77 777', '', 184, 0, '0000-00-00 00:00:00', '', '0000-00-00 00:00:00', ''),
(167, 'іван', 'іванов', '097 777 77 777', '', 184, 0, '0000-00-00 00:00:00', '', '0000-00-00 00:00:00', ''),
(168, 'іван', 'іванов', '097 777 77 777', '', 184, 0, '0000-00-00 00:00:00', '', '0000-00-00 00:00:00', ''),
(169, '', '', '', '', 0, 0, '0000-00-00 00:00:00', '', '0000-00-00 00:00:00', ''),
(170, 'иван', 'иванов', '097 777 77 777', '', 184, 0, '0000-00-00 00:00:00', '', '0000-00-00 00:00:00', ''),
(171, 'иван', 'иванов', '097 777 77 777', '', 184, 0, '0000-00-00 00:00:00', '', '0000-00-00 00:00:00', ''),
(172, 'tolpou', 'rtyniop', '', 'hizzzer@mail.ru', 0, 0, '0000-00-00 00:00:00', '', '0000-00-00 00:00:00', ''),
(173, 'hizer', 'hizer', '', 'hizzzer@mail.ru', 416, 0, '0000-00-00 00:00:00', '', '0000-00-00 00:00:00', ''),
(174, 'hizer', 'hizer', '', 'hizzzer@mail.ru', 416, 0, '0000-00-00 00:00:00', '', '0000-00-00 00:00:00', ''),
(175, 'иван', 'иванов', '097 777 77 777', 'oleglutsenko@ukr.net', 0, 0, '0000-00-00 00:00:00', '', '0000-00-00 00:00:00', ''),
(176, 'іван', 'іванов', '097 777 77 777', '123', 0, 0, '0000-00-00 00:00:00', '', '0000-00-00 00:00:00', ''),
(177, '', '', '', '', 0, 0, '0000-00-00 00:00:00', '', '0000-00-00 00:00:00', ''),
(178, 'ЧП', '«Олексенко»', '0974477648', '', 0, 0, '0000-00-00 00:00:00', '', '0000-00-00 00:00:00', ''),
(179, '', '', '', '', 0, 0, '0000-00-00 00:00:00', '', '0000-00-00 00:00:00', ''),
(180, 'ЧП', '«Олексенко»', '0974477648', '', 0, 0, '0000-00-00 00:00:00', '', '0000-00-00 00:00:00', ''),
(181, '', '', '', '', 0, 0, '0000-00-00 00:00:00', '', '0000-00-00 00:00:00', ''),
(182, 'іван', 'іванов', '097 777 77 777', '', 0, 0, '0000-00-00 00:00:00', '', '0000-00-00 00:00:00', ''),
(183, 'олег', 'луценко', '063 460 16 29', 'oleglutsenko@ukr.net', 0, 0, '0000-00-00 00:00:00', '', '0000-00-00 00:00:00', ''),
(184, 'Андрій', 'Іванов', '01020304', '', 0, 0, '0000-00-00 00:00:00', '', '0000-00-00 00:00:00', ''),
(185, 'олег', 'іванов', '01020304', '', 0, 0, '0000-00-00 00:00:00', '', '0000-00-00 00:00:00', ''),
(186, 'іван', 'іванов', '44444', '', 0, 0, '0000-00-00 00:00:00', '', '0000-00-00 00:00:00', ''),
(187, '', '', '', '', 0, 0, '0000-00-00 00:00:00', '', '0000-00-00 00:00:00', ''),
(188, '', '', '', '', 0, 0, '0000-00-00 00:00:00', '', '0000-00-00 00:00:00', ''),
(189, '', '', '', '', 0, 0, '0000-00-00 00:00:00', '', '0000-00-00 00:00:00', ''),
(190, '', '', '', '', 0, 0, '0000-00-00 00:00:00', '', '0000-00-00 00:00:00', ''),
(191, '', '', '', '', 0, 0, '0000-00-00 00:00:00', '', '0000-00-00 00:00:00', ''),
(192, '', '', '', '', 0, 0, '0000-00-00 00:00:00', '', '0000-00-00 00:00:00', ''),
(193, '', '', '', '', 0, 0, '0000-00-00 00:00:00', '', '0000-00-00 00:00:00', ''),
(194, 'іван', 'іванов', '44444', '', 0, 0, '0000-00-00 00:00:00', '', '0000-00-00 00:00:00', ''),
(195, '', '', '', '', 0, 0, '0000-00-00 00:00:00', '', '0000-00-00 00:00:00', ''),
(196, '', '', '', '', 0, 0, '0000-00-00 00:00:00', '', '0000-00-00 00:00:00', ''),
(197, 'ЧП', '«Олексенко»', '0974477648', '', 0, 0, '0000-00-00 00:00:00', '', '0000-00-00 00:00:00', ''),
(198, 'Іван', 'Іванов', '0974477648', '', 0, 0, '0000-00-00 00:00:00', '', '2014-09-21 10:14:06', ''),
(199, 'Петро', 'Петренко', '063 123 45 67', '', 45, 0, '0000-00-00 00:00:00', '', '2014-09-21 10:15:02', ''),
(200, 'Назар', 'Назаренко', '44444', '', 35, 0, '0000-00-00 00:00:00', '', '2014-09-21 10:16:02', ''),
(201, 'Рома', 'Романенко', '098 456 342 23', '', 54, 1, '0000-00-00 00:00:00', '', '0000-00-00 00:00:00', ''),
(202, 'Валера', 'Вай', '097 777 77 777', '', 90, 1, '0000-00-00 00:00:00', '', '2014-08-20 00:00:00', ''),
(203, 'Іван', 'Іванов', '097 333 33 33', '', 23, 1, '0000-00-00 00:00:00', '', '2014-09-28 22:42:40', ''),
(204, 'іван', 'Іванов', '44444', '', 0, 1, '0000-00-00 00:00:00', '', '0000-00-00 00:00:00', ''),
(205, 'Вася', 'Іщук', '097 777 77 777', '', 0, 1, '0000-00-00 00:00:00', '', '0000-00-00 00:00:00', '');

-- --------------------------------------------------------

--
-- Структура таблицы `orders`
--

CREATE TABLE IF NOT EXISTS `orders` (
  `order_id` int(10) unsigned NOT NULL AUTO_INCREMENT,
  `shop_id` int(10) unsigned DEFAULT NULL,
  `customer_id` int(10) unsigned DEFAULT NULL,
  `payment_name_id` int(10) unsigned NOT NULL,
  `shipment_name_id` int(10) unsigned NOT NULL,
  `city_id` int(11) NOT NULL,
  `address` varchar(255) NOT NULL,
  `order_total` int(10) unsigned NOT NULL,
  `status_id` varchar(32) NOT NULL,
  `order_number` int(11) NOT NULL,
  `comment` text,
  `created_on` datetime NOT NULL,
  `created_by` char(32) NOT NULL,
  `modified_on` datetime NOT NULL,
  `modified_by` char(32) NOT NULL,
  `delivery_date` datetime NOT NULL,
  `paid` tinyint(1) DEFAULT NULL,
  PRIMARY KEY (`order_id`)
) ENGINE=InnoDB  DEFAULT CHARSET=utf8 AUTO_INCREMENT=224 ;

--
-- Дамп данных таблицы `orders`
--

INSERT INTO `orders` (`order_id`, `shop_id`, `customer_id`, `payment_name_id`, `shipment_name_id`, `city_id`, `address`, `order_total`, `status_id`, `order_number`, `comment`, `created_on`, `created_by`, `modified_on`, `modified_by`, `delivery_date`, `paid`) VALUES
(201, NULL, 198, 2, 2, 133, 'ул. Ленина 17, Д', 2410, '5', 0, '', '2014-09-18 12:19:52', '', '2014-09-22 17:07:46', 'admin', '2014-09-26 00:00:00', 1),
(202, NULL, 199, 3, 1, 303, 'вул. Миру 10', 3150, '6', 0, '', '2014-09-18 12:48:30', '', '2014-09-22 13:41:32', '', '2014-09-26 00:00:00', 0),
(203, NULL, 200, 3, 4, 182, 'шевченка, 2', 8850, '1', 0, '', '2014-09-18 14:53:10', '', '2014-09-19 14:23:52', '', '2014-09-29 00:00:00', 0),
(204, 13, NULL, 2, 3, 220, '', 5520, '1', 0, '', '2014-09-19 00:42:16', '', '2014-09-22 11:48:25', '', '2014-09-23 00:00:00', 0),
(205, 16, NULL, 1, 4, 220, '', 8340, '1', 0, 'терміново!!!', '2014-09-22 11:41:35', '', '2014-09-22 11:48:21', '', '2014-09-29 00:00:00', 0),
(206, NULL, 201, 1, 3, 268, 'вул парам апм', 12630, '2', 0, '', '2014-09-22 12:30:39', '', '2014-09-22 12:31:48', '', '2014-10-02 00:00:00', 0),
(207, NULL, 202, 1, 1, 336, '', 8160, '1', 0, '', '2014-09-25 09:22:19', '', '2014-09-29 12:19:51', '2014-09-29 12:19:51', '2014-10-02 00:00:00', 0),
(208, 2, NULL, 2, 10, 184, '', 9592, '1', 0, '', '2014-09-25 12:11:31', '', '2014-09-29 12:19:52', '2014-09-29 12:19:52', '2014-10-10 00:00:00', 0),
(209, 4, NULL, 1, 1, 184, '', 10260, '1', 0, '', '2014-09-25 12:24:33', '', '2014-09-26 21:53:36', '2014-09-26 21:53:36', '2014-10-06 00:00:00', 1),
(210, 19, NULL, 2, 1, 351, '', 11660, '1', 0, '', '2014-09-28 20:24:26', '', '2014-09-29 12:19:49', '2014-09-29 12:19:49', '2014-10-14 00:00:00', 0),
(211, NULL, 203, 1, 1, 184, 'склад 1', 5560, '1', 0, '', '2014-09-28 21:01:54', '', '2014-09-28 23:37:51', '2014-09-28 23:37:51', '2014-10-14 00:00:00', 1),
(214, NULL, 204, 1, 1, 66, '', 3300, '1', 0, '', '2014-09-29 00:53:15', '', '2014-10-04 13:09:43', '2014-10-04 13:09:43', '2014-09-30 00:00:00', 0),
(215, 21, NULL, 2, 2, 187, '', 3036, '1', 0, '', '2014-09-29 00:58:20', '', '2014-09-29 00:58:20', '', '1970-01-01 00:00:00', 0),
(216, 21, NULL, 0, 0, 187, '', 2486, '1', 0, '', '2014-09-29 00:59:32', '', '2014-09-29 00:59:32', '', '1970-01-01 00:00:00', 0),
(217, 24, NULL, 1, 2, 290, '', 2464, '1', 0, '', '2014-09-29 01:03:09', '', '2014-09-29 01:03:09', '', '2014-10-13 00:00:00', 0),
(218, 5, NULL, 1, 2, 184, '', 5940, '1', 0, '', '2014-09-29 01:09:17', '', '2014-09-29 01:09:17', '', '2014-10-23 00:00:00', 0),
(219, NULL, 205, 0, 0, 0, '', 8720, '1', 0, '', '2014-09-30 12:52:28', '', '2014-09-30 13:16:16', '2014-09-30 13:16:16', '1970-01-01 00:00:00', 1),
(220, 1, NULL, 1, 1, 184, '', 6050, '1', 0, '', '2014-10-01 22:15:02', '', '2014-10-01 22:15:02', '', '2014-10-16 00:00:00', 0),
(221, 1, NULL, 2, 1, 184, '', 5621, '1', 0, '', '2014-10-02 13:28:22', '', '2014-10-02 13:28:22', '', '2014-10-15 00:00:00', 0),
(222, 19, NULL, 1, 10, 351, '', 5852, '1', 0, '', '2014-10-02 13:30:53', '', '2014-10-02 13:30:53', '', '2014-10-24 00:00:00', 0),
(223, 26, NULL, 1, 3, 354, 'вул. Руднева 38', 6256, '1', 0, '', '2014-10-04 15:22:23', '', '2014-10-06 20:00:34', '2014-10-06 20:00:34', '2014-10-22 00:00:00', 0);

-- --------------------------------------------------------

--
-- Структура таблицы `orders_items_properties`
--

CREATE TABLE IF NOT EXISTS `orders_items_properties` (
  `order_item_property_id` smallint(5) unsigned NOT NULL AUTO_INCREMENT,
  `order_item_id` smallint(5) unsigned NOT NULL,
  `property_id` smallint(5) unsigned NOT NULL,
  `add_payment` smallint(5) unsigned NOT NULL,
  `created_on` datetime NOT NULL,
  `created_by` varchar(32) NOT NULL,
  `modified_on` datetime NOT NULL,
  `modified_by` varchar(32) NOT NULL,
  PRIMARY KEY (`order_item_property_id`)
) ENGINE=InnoDB  DEFAULT CHARSET=utf8 AUTO_INCREMENT=259 ;

--
-- Дамп данных таблицы `orders_items_properties`
--

INSERT INTO `orders_items_properties` (`order_item_property_id`, `order_item_id`, `property_id`, `add_payment`, `created_on`, `created_by`, `modified_on`, `modified_by`) VALUES
(195, 172, 105, 0, '2014-09-18 12:19:52', '', '2014-09-18 12:19:52', ''),
(196, 172, 1092, 10, '2014-09-18 12:19:52', '', '2014-09-18 12:19:52', ''),
(197, 173, 1456, 0, '2014-09-18 12:48:30', '', '2014-09-18 12:48:30', ''),
(198, 173, 1109, 0, '2014-09-18 12:48:30', '', '2014-09-18 12:48:30', ''),
(199, 174, 1461, 0, '2014-09-18 14:53:10', '', '2014-09-18 14:53:10', ''),
(200, 174, 1104, 0, '2014-09-18 14:53:10', '', '2014-09-18 14:53:10', ''),
(201, 175, 106, 0, '2014-09-18 14:53:10', '', '2014-09-18 14:53:10', ''),
(202, 175, 306, 0, '2014-09-18 14:53:10', '', '2014-09-18 14:53:10', ''),
(203, 176, 1094, 10, '2014-09-19 00:42:16', '', '2014-09-19 00:42:16', ''),
(204, 177, 1353, 0, '2014-09-22 11:41:36', '', '2014-09-22 11:41:36', ''),
(205, 177, 1094, 10, '2014-09-22 11:41:36', '', '2014-09-22 11:41:36', ''),
(206, 178, 1094, 10, '2014-09-22 11:41:36', '', '2014-09-22 11:41:36', ''),
(207, 179, 105, 30, '2014-09-22 12:30:40', '', '2014-09-22 12:30:40', ''),
(208, 179, 1116, 0, '2014-09-22 12:30:40', '', '2014-09-22 12:30:40', ''),
(209, 180, 1467, 0, '2014-09-22 12:30:40', '', '2014-09-22 12:30:40', ''),
(210, 180, 1336, 0, '2014-09-22 12:30:40', '', '2014-09-22 12:30:40', ''),
(211, 181, 1093, 0, '2014-09-22 12:30:40', '', '2014-09-22 12:30:40', ''),
(212, 182, 105, 30, '2014-09-25 09:22:19', '', '2014-09-25 09:22:19', ''),
(213, 182, 1116, 0, '2014-09-25 09:22:19', '', '2014-09-25 09:22:19', ''),
(214, 183, 1338, 0, '2014-09-25 09:22:19', '', '2014-09-25 09:22:19', ''),
(215, 184, 1460, 0, '2014-09-25 12:11:31', '', '2014-09-25 12:11:31', ''),
(216, 184, 305, 30, '2014-09-25 12:11:32', '', '2014-09-25 12:11:32', ''),
(217, 185, 1112, 10, '2014-09-25 12:11:32', '', '2014-09-25 12:11:32', ''),
(218, 186, 1456, 0, '2014-09-25 12:24:33', '', '2014-09-25 12:24:33', ''),
(219, 186, 391, 30, '2014-09-25 12:24:33', '', '2014-09-25 12:24:33', ''),
(220, 187, 1338, 0, '2014-09-25 12:24:33', '', '2014-09-25 12:24:33', ''),
(221, 188, 1457, 0, '2014-09-28 20:24:26', '', '2014-09-28 20:24:26', ''),
(222, 188, 1306, 0, '2014-09-28 20:24:26', '', '2014-09-28 20:24:26', ''),
(223, 189, 1306, 0, '2014-09-28 20:24:26', '', '2014-09-28 20:24:26', ''),
(224, 190, 109, 0, '2014-09-28 20:24:26', '', '2014-09-28 20:24:26', ''),
(225, 190, 309, 0, '2014-09-28 20:24:26', '', '2014-09-28 20:24:26', ''),
(226, 191, 1464, 0, '2014-09-28 21:01:54', '', '2014-09-28 21:01:54', ''),
(227, 191, 1118, 0, '2014-09-28 21:01:54', '', '2014-09-28 21:01:54', ''),
(228, 192, 1118, 0, '2014-09-28 21:01:54', '', '2014-09-28 21:01:54', ''),
(229, 193, 105, 30, '2014-09-29 00:51:40', '', '2014-09-29 00:51:40', ''),
(230, 193, 1092, 10, '2014-09-29 00:51:40', '', '2014-09-29 00:51:40', ''),
(231, 194, 1092, 10, '2014-09-29 00:51:40', '', '2014-09-29 00:51:40', ''),
(232, 195, 1346, 0, '2014-09-29 00:52:32', '', '2014-09-29 00:52:32', ''),
(233, 195, 1093, 10, '2014-09-29 00:52:32', '', '2014-09-29 00:52:32', ''),
(234, 196, 1459, 0, '2014-09-29 00:53:15', '', '2014-09-29 00:53:15', ''),
(235, 196, 1094, 0, '2014-09-29 00:53:15', '', '2014-09-29 00:53:15', ''),
(236, 197, 103, 0, '2014-09-29 00:58:20', '', '2014-09-29 00:58:20', ''),
(237, 197, 315, 0, '2014-09-29 00:58:20', '', '2014-09-29 00:58:20', ''),
(238, 198, 1458, 0, '2014-09-29 00:59:32', '', '2014-09-29 00:59:32', ''),
(239, 198, 1096, 10, '2014-09-29 00:59:33', '', '2014-09-29 00:59:33', ''),
(240, 199, 105, 30, '2014-09-29 01:03:09', '', '2014-09-29 01:03:09', ''),
(241, 199, 1111, 10, '2014-09-29 01:03:09', '', '2014-09-29 01:03:09', ''),
(242, 200, 1352, 0, '2014-09-29 01:09:17', '', '2014-09-29 01:09:17', ''),
(243, 200, 1101, 10, '2014-09-29 01:09:17', '', '2014-09-29 01:09:17', ''),
(244, 201, 1101, 10, '2014-09-29 01:09:17', '', '2014-09-29 01:09:17', ''),
(245, 202, 105, 30, '2014-09-30 12:52:28', '', '2014-09-30 12:52:28', ''),
(246, 202, 1111, 0, '2014-09-30 12:52:28', '', '2014-09-30 12:52:28', ''),
(247, 203, 1111, 0, '2014-09-30 12:52:28', '', '2014-09-30 12:52:28', ''),
(248, 204, 1456, 0, '2014-10-01 22:15:02', '', '2014-10-01 22:15:02', ''),
(249, 204, 1102, 10, '2014-10-01 22:15:03', '', '2014-10-01 22:15:03', ''),
(250, 205, 1456, 0, '2014-10-02 13:28:22', '', '2014-10-02 13:28:22', ''),
(251, 205, 1102, 10, '2014-10-02 13:28:22', '', '2014-10-02 13:28:22', ''),
(252, 206, 1102, 10, '2014-10-02 13:28:22', '', '2014-10-02 13:28:22', ''),
(253, 207, 108, 0, '2014-10-02 13:30:54', '', '2014-10-02 13:30:54', ''),
(254, 207, 308, 0, '2014-10-02 13:30:54', '', '2014-10-02 13:30:54', ''),
(255, 208, 1116, 10, '2014-10-02 13:30:54', '', '2014-10-02 13:30:54', ''),
(256, 209, 105, 30, '2014-10-04 15:22:23', '', '2014-10-04 15:22:23', ''),
(257, 209, 1338, 0, '2014-10-04 15:22:23', '', '2014-10-04 15:22:23', ''),
(258, 210, 1338, 0, '2014-10-04 15:22:23', '', '2014-10-04 15:22:23', '');

-- --------------------------------------------------------

--
-- Структура таблицы `order_items`
--

CREATE TABLE IF NOT EXISTS `order_items` (
  `order_item_id` smallint(5) unsigned NOT NULL AUTO_INCREMENT,
  `order_id` smallint(5) unsigned NOT NULL,
  `product_id` smallint(5) unsigned NOT NULL,
  `width` smallint(5) unsigned NOT NULL,
  `insert` smallint(5) unsigned NOT NULL,
  `length` smallint(5) unsigned NOT NULL,
  `height` smallint(5) unsigned NOT NULL,
  `quantity` tinyint(3) unsigned NOT NULL,
  `price` decimal(15,2) unsigned NOT NULL,
  `subtotal` decimal(15,2) unsigned NOT NULL,
  `status` tinyint(3) unsigned NOT NULL,
  `comment` text NOT NULL,
  `tinting` tinyint(4) NOT NULL,
  `patina` tinyint(3) unsigned NOT NULL,
  `created_on` datetime NOT NULL,
  `created_by` varchar(32) NOT NULL,
  `modified_on` datetime NOT NULL,
  `modified_by` varchar(32) NOT NULL,
  PRIMARY KEY (`order_item_id`)
) ENGINE=InnoDB  DEFAULT CHARSET=utf8 AUTO_INCREMENT=211 ;

--
-- Дамп данных таблицы `order_items`
--

INSERT INTO `order_items` (`order_item_id`, `order_id`, `product_id`, `width`, `insert`, `length`, `height`, `quantity`, `price`, `subtotal`, `status`, `comment`, `tinting`, `patina`, `created_on`, `created_by`, `modified_on`, `modified_by`) VALUES
(172, 201, 4, 700, 900, 900, 900, 1, '4164.00', '4164.00', 0, '', 0, 2, '2014-09-18 12:19:52', '', '2014-09-18 12:19:52', ''),
(173, 202, 5, 700, 900, 900, 900, 1, '3150.00', '3150.00', 0, '', 0, 0, '2014-09-18 12:48:30', '', '2014-09-18 12:48:30', ''),
(174, 203, 5, 700, 900, 900, 900, 1, '3150.00', '3150.00', 0, 'тонування венге', 1, 2, '2014-09-18 14:53:10', '', '2014-09-18 14:53:10', ''),
(175, 203, 77, 700, 900, 900, 900, 2, '5700.00', '11400.00', 0, '', 0, 0, '2014-09-18 14:53:10', '', '2014-09-18 14:53:10', ''),
(176, 204, 31, 800, 400, 1200, 1200, 2, '5520.00', '11040.00', 0, '', 0, 0, '2014-09-19 00:42:16', '', '2014-09-19 00:42:16', ''),
(177, 205, 53, 900, 400, 900, 900, 2, '6620.00', '0.00', 0, '', 0, 0, '2014-09-22 11:41:36', '', '2014-09-22 11:41:36', ''),
(178, 205, 103, 440, 0, 400, 400, 4, '1720.00', '0.00', 0, 'зевс 201', 0, 0, '2014-09-22 11:41:36', '', '2014-09-22 11:41:36', ''),
(179, 206, 4, 700, 900, 900, 900, 1, '2430.00', '0.00', 0, 'тест коментар', 1, 0, '2014-09-22 12:30:40', '', '2014-09-22 12:30:40', ''),
(180, 206, 62, 800, 400, 1200, 1200, 2, '7200.00', '0.00', 0, '', 0, 1, '2014-09-22 12:30:40', '', '2014-09-22 12:30:40', ''),
(181, 206, 106, 410, 0, 420, 420, 4, '4320.00', '0.00', 0, 'кожзам', 1, 0, '2014-09-22 12:30:40', '', '2014-09-22 12:30:40', ''),
(182, 207, 4, 700, 900, 900, 900, 2, '3600.00', '7200.00', 0, '', 1, 1, '2014-09-25 09:22:19', '', '2014-09-25 09:22:19', ''),
(183, 207, 102, 325, 0, 385, 385, 4, '240.00', '960.00', 0, 'мишель беж', 0, 0, '2014-09-25 09:22:19', '', '2014-09-25 09:22:19', ''),
(184, 208, 78, 700, 900, 900, 900, 2, '4290.00', '0.00', 0, '', 0, 0, '2014-09-25 12:11:31', '', '2014-09-25 12:11:31', ''),
(185, 208, 102, 325, 0, 385, 385, 4, '253.00', '1012.00', 0, 'обивка кожзам', 0, 0, '2014-09-25 12:11:32', '', '2014-09-25 12:11:32', ''),
(186, 209, 78, 700, 900, 900, 900, 2, '4290.00', '8580.00', 0, '', 0, 0, '2014-09-25 12:24:33', '', '2014-09-25 12:24:33', ''),
(187, 209, 103, 440, 0, 400, 400, 4, '420.00', '1680.00', 0, '', 0, 0, '2014-09-25 12:24:33', '', '2014-09-25 12:24:33', ''),
(188, 210, 42, 760, 400, 1200, 1200, 1, '2700.00', '2700.00', 0, '', 0, 0, '2014-09-28 20:24:26', '', '2014-09-28 20:24:26', ''),
(189, 210, 104, 460, 0, 420, 420, 4, '590.00', '2360.00', 0, 'D150 203', 0, 0, '2014-09-28 20:24:26', '', '2014-09-28 20:24:26', ''),
(190, 210, 94, 850, 850, 850, 850, 2, '3300.00', '6600.00', 0, '', 0, 0, '2014-09-28 20:24:26', '', '2014-09-28 20:24:26', ''),
(191, 211, 62, 800, 400, 1200, 1200, 1, '3600.00', '3600.00', 0, '', 0, 0, '2014-09-28 21:01:54', '', '2014-09-28 21:01:54', ''),
(192, 211, 103, 440, 0, 400, 400, 4, '490.00', '1960.00', 0, 'D150 221', 0, 0, '2014-09-28 21:01:54', '', '2014-09-28 21:01:54', ''),
(193, 212, 4, 700, 900, 900, 900, 2, '2464.00', '4928.00', 0, '', 0, 0, '2014-09-29 00:51:40', '', '2014-09-29 00:51:40', ''),
(194, 212, 103, 440, 0, 400, 400, 4, '462.00', '1848.00', 0, 'беж', 0, 0, '2014-09-29 00:51:40', '', '2014-09-29 00:51:40', ''),
(195, 213, 6, 700, 900, 900, 900, 1, '3036.00', '3036.00', 0, '', 0, 0, '2014-09-29 00:52:32', '', '2014-09-29 00:52:32', ''),
(196, 214, 11, 700, 900, 900, 900, 1, '3300.00', '3300.00', 0, '', 0, 0, '2014-09-29 00:53:15', '', '2014-09-29 00:53:15', ''),
(197, 215, 90, 850, 850, 850, 850, 1, '3036.00', '3036.00', 0, '', 0, 0, '2014-09-29 00:58:20', '', '2014-09-29 00:58:20', ''),
(198, 216, 5, 700, 900, 900, 900, 1, '2486.00', '2486.00', 0, '', 0, 0, '2014-09-29 00:59:32', '', '2014-09-29 00:59:32', ''),
(199, 217, 4, 700, 900, 900, 900, 1, '2464.00', '2464.00', 0, '', 0, 0, '2014-09-29 01:03:09', '', '2014-09-29 01:03:09', ''),
(200, 218, 48, 900, 400, 900, 900, 1, '3520.00', '3520.00', 0, '', 0, 0, '2014-09-29 01:09:17', '', '2014-09-29 01:09:17', ''),
(201, 218, 105, 450, 0, 410, 410, 4, '605.00', '2420.00', 0, '1234', 0, 0, '2014-09-29 01:09:17', '', '2014-09-29 01:09:17', ''),
(202, 219, 4, 710, 900, 900, 900, 2, '3380.00', '6760.00', 0, '', 0, 0, '2014-09-30 12:52:28', '', '2014-09-30 12:52:28', ''),
(203, 219, 103, 440, 0, 400, 400, 4, '490.00', '1960.00', 0, '', 0, 0, '2014-09-30 12:52:28', '', '2014-09-30 12:52:28', ''),
(204, 220, 62, 800, 400, 1200, 1200, 2, '3025.00', '6050.00', 0, '', 0, 0, '2014-10-01 22:15:02', '', '2014-10-01 22:15:02', ''),
(205, 221, 62, 800, 400, 1200, 1200, 1, '3025.00', '3025.00', 0, '', 0, 0, '2014-10-02 13:28:22', '', '2014-10-02 13:28:22', ''),
(206, 221, 104, 460, 0, 420, 420, 4, '649.00', '2596.00', 0, 'комби', 0, 0, '2014-10-02 13:28:22', '', '2014-10-02 13:28:22', ''),
(207, 222, 81, 700, 900, 900, 900, 2, '2420.00', '4840.00', 0, '', 0, 0, '2014-10-02 13:30:54', '', '2014-10-02 13:30:54', ''),
(208, 222, 102, 325, 0, 385, 385, 4, '253.00', '1012.00', 0, '', 0, 0, '2014-10-02 13:30:54', '', '2014-10-02 13:30:54', ''),
(209, 223, 4, 700, 900, 900, 900, 2, '2288.00', '4576.00', 0, '', 0, 0, '2014-10-04 15:22:23', '', '2014-10-04 15:22:23', ''),
(210, 223, 103, 440, 0, 400, 400, 4, '420.00', '1680.00', 0, 'велюр мокко', 0, 0, '2014-10-04 15:22:23', '', '2014-10-04 15:22:23', '');

-- --------------------------------------------------------

--
-- Структура таблицы `page`
--

CREATE TABLE IF NOT EXISTS `page` (
  `id` int(11) NOT NULL AUTO_INCREMENT,
  `title` varchar(255) NOT NULL,
  `test` text NOT NULL,
  PRIMARY KEY (`id`)
) ENGINE=InnoDB  DEFAULT CHARSET=utf8 AUTO_INCREMENT=2 ;

--
-- Дамп данных таблицы `page`
--

INSERT INTO `page` (`id`, `title`, `test`) VALUES
(1, 'Перша нотатка', 'тЕкст текст');

-- --------------------------------------------------------

--
-- Структура таблицы `payment_methods`
--

CREATE TABLE IF NOT EXISTS `payment_methods` (
  `payment_method_id` smallint(5) unsigned NOT NULL AUTO_INCREMENT,
  `payment_method_name` varchar(100) NOT NULL,
  PRIMARY KEY (`payment_method_id`)
) ENGINE=InnoDB  DEFAULT CHARSET=utf8 AUTO_INCREMENT=4 ;

--
-- Дамп данных таблицы `payment_methods`
--

INSERT INTO `payment_methods` (`payment_method_id`, `payment_method_name`) VALUES
(1, 'По факту доставки'),
(2, 'Перерах. на рахунок'),
(3, 'Перерах. на картку');

-- --------------------------------------------------------

--
-- Структура таблицы `price_groups`
--

CREATE TABLE IF NOT EXISTS `price_groups` (
  `price_group_id` smallint(11) NOT NULL AUTO_INCREMENT,
  `price_group_name` varchar(40) NOT NULL,
  PRIMARY KEY (`price_group_id`)
) ENGINE=InnoDB  DEFAULT CHARSET=utf8 AUTO_INCREMENT=3 ;

--
-- Дамп данных таблицы `price_groups`
--

INSERT INTO `price_groups` (`price_group_id`, `price_group_name`) VALUES
(1, 'Ціни сайт'),
(2, 'Ціни Київ');

-- --------------------------------------------------------

--
-- Структура таблицы `products`
--

CREATE TABLE IF NOT EXISTS `products` (
  `product_id` int(11) unsigned NOT NULL AUTO_INCREMENT,
  `product_name` varchar(100) NOT NULL,
  `product_length` decimal(10,0) NOT NULL,
  `product_insert` decimal(10,0) NOT NULL,
  `product_width` decimal(10,0) NOT NULL,
  `product_height` decimal(10,0) NOT NULL,
  `patina` tinyint(1) NOT NULL,
  `tabletop_id` smallint(5) unsigned NOT NULL,
  `product_type_id` tinyint(3) unsigned NOT NULL,
  PRIMARY KEY (`product_id`)
) ENGINE=InnoDB  DEFAULT CHARSET=utf8 AUTO_INCREMENT=107 ;

--
-- Дамп данных таблицы `products`
--

INSERT INTO `products` (`product_id`, `product_name`, `product_length`, `product_insert`, `product_width`, `product_height`, `patina`, `tabletop_id`, `product_type_id`) VALUES
(4, 'Фаворіт-01 ДСП', '900', '900', '700', '750', 1, 1, 1),
(5, 'Фаворіт-01 скло', '900', '900', '700', '750', 1, 3, 1),
(6, 'Фаворіт-01 камінь', '900', '900', '700', '750', 1, 4, 1),
(9, 'Фаворіт-01 МДФ', '900', '900', '700', '750', 1, 2, 1),
(10, 'Фаворіт-02 ДСП', '900', '900', '700', '750', 1, 1, 1),
(11, 'Фаворіт-02 скло', '900', '900', '700', '750', 1, 3, 1),
(12, 'Фаворіт-02 камінь', '900', '900', '700', '750', 1, 4, 1),
(15, 'Фаворіт-02 МДФ', '900', '900', '700', '750', 1, 2, 1),
(16, 'Фаворіт-03 ДСП', '800', '800', '800', '750', 1, 1, 1),
(17, 'Фаворіт-03 скло', '800', '800', '800', '750', 1, 3, 1),
(18, 'Фаворіт-03 камінь', '800', '800', '800', '750', 1, 4, 1),
(22, 'Неаполь скло', '1200', '400', '800', '750', 1, 3, 1),
(23, 'Неаполь камінь', '1200', '400', '800', '750', 1, 4, 1),
(26, 'Неаполь МДФ', '1200', '400', '800', '750', 1, 2, 1),
(27, 'Мілан скло', '1200', '400', '800', '750', 1, 3, 1),
(28, 'Мілан камінь', '1200', '400', '800', '750', 1, 4, 1),
(31, 'Мілан МДФ', '1200', '400', '800', '750', 1, 2, 1),
(32, 'Мастер скло', '1200', '400', '800', '750', 1, 3, 1),
(33, 'Мастер камінь', '1200', '400', '800', '750', 1, 4, 1),
(36, 'Мастер МДФ', '1200', '400', '800', '750', 1, 2, 1),
(37, 'Кардінал скло', '1200', '400', '800', '750', 1, 3, 1),
(38, 'Кардінал камінь', '1200', '400', '800', '750', 1, 4, 1),
(41, 'Кардінал МДФ', '1200', '400', '800', '750', 1, 2, 1),
(42, 'Кардінал овал скло', '1200', '400', '760', '750', 1, 3, 1),
(43, 'Кардінал овал камінь', '1200', '400', '760', '750', 1, 4, 1),
(46, 'Кардінал овал МДФ', '1200', '400', '760', '750', 1, 2, 1),
(47, 'Кардінал круглий скло', '900', '400', '900', '750', 1, 3, 1),
(48, 'Кардінал круглий камінь', '900', '400', '900', '750', 1, 4, 1),
(51, 'Кардінал круглий МДФ', '900', '400', '900', '750', 1, 2, 1),
(52, 'Каріна скло', '900', '400', '900', '750', 1, 3, 1),
(53, 'Каріна камінь', '900', '400', '900', '750', 1, 4, 1),
(56, 'Каріна МДФ', '900', '400', '900', '750', 1, 2, 1),
(57, 'Зевс скло', '900', '400', '900', '750', 1, 3, 1),
(58, 'Зевс камінь', '900', '400', '900', '750', 1, 4, 1),
(61, 'Зевс МДФ', '900', '400', '900', '750', 1, 2, 1),
(62, 'Людовік скло', '1200', '400', '800', '750', 1, 3, 1),
(63, 'Людовік камінь', '1200', '400', '800', '750', 1, 4, 1),
(66, 'Людовік МДФ', '1200', '400', '800', '750', 1, 2, 1),
(67, 'Тітанік скло', '1500', '450', '900', '750', 1, 3, 1),
(68, 'Тітанік камінь', '1500', '450', '900', '750', 1, 4, 1),
(71, 'Тітанік МДФ', '1500', '450', '900', '750', 1, 2, 1),
(72, 'Полонез скло', '1200', '400', '760', '750', 1, 3, 1),
(73, 'Полонез камінь', '1200', '400', '760', '750', 1, 4, 1),
(76, 'Полонез МДФ', '1200', '400', '760', '750', 1, 2, 1),
(77, 'Марсель ДСП', '900', '900', '700', '750', 0, 1, 1),
(78, 'Марсель скло', '900', '900', '700', '750', 0, 3, 1),
(79, 'Марсель камінь', '900', '900', '700', '750', 0, 4, 1),
(81, 'Леон ДСП', '900', '900', '700', '750', 0, 1, 1),
(82, 'Леон скло', '900', '900', '700', '750', 0, 3, 1),
(83, 'Леон камінь', '900', '900', '700', '750', 0, 4, 1),
(85, 'Леон дерево', '900', '900', '700', '750', 0, 2, 1),
(86, 'Командор ДСП', '900', '900', '700', '750', 0, 1, 1),
(87, 'Командор скло', '900', '900', '700', '750', 0, 3, 1),
(88, 'Командор камінь', '900', '900', '700', '750', 0, 4, 1),
(90, 'Стоун ДСП', '850', '850', '850', '750', 0, 1, 1),
(91, 'Стоун скло', '850', '850', '850', '750', 0, 3, 1),
(92, 'Стоун камінь', '850', '850', '850', '750', 0, 4, 1),
(94, 'Оскар ДСП', '850', '850', '850', '750', 0, 1, 1),
(95, 'Оскар скло', '850', '850', '850', '750', 0, 3, 1),
(96, 'Оскар камінь', '850', '850', '850', '750', 0, 4, 1),
(98, 'Олімп скло', '1000', '0', '600', '450', 1, 3, 1),
(100, 'Олімп МДФ', '1000', '0', '600', '450', 1, 2, 1),
(101, '01т', '370', '0', '370', '460', 1, 0, 3),
(102, '02м', '385', '0', '325', '460', 1, 0, 3),
(103, '04м', '400', '0', '440', '820', 1, 0, 2),
(104, 'Кардінал-05м', '420', '0', '460', '990', 1, 0, 2),
(105, 'Кардінал-06м', '410', '0', '450', '1080', 1, 0, 2),
(106, 'Кардінал-07м', '420', '0', '410', '880', 1, 0, 2);

-- --------------------------------------------------------

--
-- Структура таблицы `products_attributes`
--

CREATE TABLE IF NOT EXISTS `products_attributes` (
  `product_attribute_id` smallint(5) unsigned NOT NULL AUTO_INCREMENT,
  `product_id` smallint(5) unsigned NOT NULL,
  `attribute_id` smallint(5) unsigned NOT NULL,
  PRIMARY KEY (`product_attribute_id`)
) ENGINE=InnoDB  DEFAULT CHARSET=utf8 AUTO_INCREMENT=125 ;

--
-- Дамп данных таблицы `products_attributes`
--

INSERT INTO `products_attributes` (`product_attribute_id`, `product_id`, `attribute_id`) VALUES
(5, 4, 1),
(6, 4, 2),
(7, 5, 5),
(8, 5, 2),
(9, 6, 3),
(10, 6, 2),
(11, 9, 2),
(12, 10, 1),
(13, 10, 2),
(14, 11, 5),
(15, 11, 2),
(16, 12, 2),
(17, 15, 2),
(18, 16, 1),
(19, 16, 2),
(20, 17, 5),
(21, 17, 2),
(22, 18, 3),
(23, 18, 2),
(24, 21, 2),
(25, 22, 5),
(26, 22, 2),
(27, 23, 3),
(28, 23, 2),
(29, 26, 2),
(30, 27, 5),
(31, 27, 2),
(32, 28, 3),
(33, 28, 2),
(34, 31, 2),
(35, 32, 5),
(36, 32, 2),
(37, 33, 3),
(38, 33, 2),
(39, 36, 2),
(40, 37, 5),
(41, 37, 2),
(42, 38, 3),
(43, 38, 2),
(44, 41, 2),
(45, 42, 5),
(46, 42, 2),
(47, 43, 3),
(48, 43, 2),
(49, 46, 2),
(50, 47, 5),
(51, 47, 2),
(52, 48, 3),
(53, 48, 2),
(54, 51, 2),
(55, 52, 5),
(56, 52, 2),
(57, 53, 3),
(58, 53, 2),
(59, 56, 2),
(60, 57, 5),
(61, 57, 2),
(62, 58, 3),
(63, 58, 2),
(64, 61, 2),
(65, 62, 5),
(66, 62, 2),
(67, 63, 3),
(68, 63, 2),
(69, 66, 2),
(70, 67, 5),
(71, 67, 2),
(72, 68, 3),
(73, 68, 2),
(74, 71, 2),
(75, 72, 5),
(76, 72, 2),
(77, 73, 3),
(78, 73, 2),
(79, 76, 2),
(80, 77, 1),
(81, 77, 9),
(82, 78, 5),
(83, 78, 9),
(84, 79, 3),
(85, 79, 9),
(86, 81, 1),
(87, 81, 9),
(88, 82, 5),
(89, 82, 9),
(90, 83, 3),
(91, 83, 9),
(92, 85, 2),
(93, 86, 1),
(94, 86, 9),
(95, 87, 5),
(96, 87, 9),
(97, 88, 3),
(98, 88, 9),
(99, 90, 1),
(100, 90, 9),
(101, 91, 5),
(102, 91, 9),
(103, 92, 3),
(104, 92, 9),
(105, 94, 1),
(106, 94, 9),
(107, 95, 5),
(108, 95, 9),
(109, 96, 3),
(110, 96, 9),
(111, 98, 5),
(112, 98, 2),
(113, 100, 2),
(114, 101, 2),
(116, 102, 2),
(118, 103, 2),
(120, 104, 2),
(122, 105, 2),
(124, 106, 2);

-- --------------------------------------------------------

--
-- Структура таблицы `products_prices`
--

CREATE TABLE IF NOT EXISTS `products_prices` (
  `product_price_id` int(11) NOT NULL AUTO_INCREMENT,
  `price_group_id` smallint(11) NOT NULL,
  `product_id` int(11) NOT NULL,
  `product_price` int(11) NOT NULL,
  PRIMARY KEY (`product_price_id`)
) ENGINE=InnoDB  DEFAULT CHARSET=utf8 AUTO_INCREMENT=413 ;

--
-- Дамп данных таблицы `products_prices`
--

INSERT INTO `products_prices` (`product_price_id`, `price_group_id`, `product_id`, `product_price`) VALUES
(222, 1, 4, 2400),
(223, 1, 5, 3150),
(224, 1, 6, 3900),
(227, 1, 9, 3150),
(228, 1, 10, 2450),
(229, 1, 11, 3300),
(230, 1, 12, 4000),
(233, 1, 15, 3250),
(234, 1, 16, 0),
(235, 1, 17, 3600),
(236, 1, 18, 4300),
(240, 1, 22, 3700),
(241, 1, 23, 4800),
(244, 1, 26, 3500),
(245, 1, 27, 5100),
(246, 1, 28, 5800),
(249, 1, 31, 4450),
(250, 1, 32, 3600),
(251, 1, 33, 4300),
(254, 1, 36, 3000),
(255, 1, 37, 3450),
(256, 1, 38, 4400),
(259, 1, 41, 3150),
(260, 1, 42, 3450),
(261, 1, 43, 4400),
(264, 1, 46, 3150),
(265, 1, 47, 3600),
(266, 1, 48, 4400),
(269, 1, 51, 3150),
(270, 1, 52, 3600),
(271, 1, 53, 4300),
(274, 1, 56, 3000),
(275, 1, 57, 3800),
(276, 1, 58, 4500),
(279, 1, 61, 3300),
(280, 1, 62, 3600),
(281, 1, 63, 4500),
(284, 1, 66, 3250),
(285, 1, 67, 5700),
(286, 1, 68, 6600),
(289, 1, 71, 5400),
(290, 1, 72, 4200),
(291, 1, 73, 5200),
(294, 1, 76, 3900),
(295, 1, 77, 2850),
(296, 1, 78, 3350),
(297, 1, 79, 3650),
(299, 1, 81, 2900),
(300, 1, 82, 3400),
(301, 1, 83, 3800),
(303, 1, 85, 5050),
(304, 1, 86, 3000),
(305, 1, 87, 3500),
(306, 1, 88, 3900),
(308, 1, 90, 3400),
(309, 1, 91, 3700),
(310, 1, 92, 4300),
(312, 1, 94, 3700),
(313, 1, 95, 4200),
(314, 1, 96, 4600),
(316, 1, 98, 2050),
(318, 1, 100, 1550),
(319, 1, 101, 360),
(320, 1, 102, 240),
(321, 1, 103, 490),
(322, 1, 104, 690),
(323, 1, 105, 690),
(324, 1, 106, 750),
(325, 2, 4, 1760),
(326, 2, 5, 2260),
(327, 2, 6, 2760),
(329, 2, 9, 0),
(330, 2, 10, 1850),
(331, 2, 11, 2350),
(332, 2, 12, 2850),
(334, 2, 15, 0),
(335, 2, 16, 2290),
(336, 2, 17, 2790),
(337, 2, 18, 3290),
(340, 2, 22, 3050),
(341, 2, 23, 3450),
(343, 2, 26, 2550),
(344, 2, 27, 3250),
(345, 2, 28, 3650),
(347, 2, 31, 2750),
(348, 2, 32, 2700),
(349, 2, 33, 3200),
(351, 2, 36, 2200),
(352, 2, 37, 2700),
(353, 2, 38, 3200),
(355, 2, 41, 2190),
(356, 2, 42, 2700),
(357, 2, 43, 3200),
(359, 2, 46, 2190),
(360, 2, 47, 2700),
(361, 2, 48, 3200),
(363, 2, 51, 2200),
(364, 2, 52, 2800),
(365, 2, 53, 3300),
(367, 2, 56, 2360),
(368, 2, 57, 2940),
(369, 2, 58, 3400),
(371, 2, 61, 2420),
(372, 2, 62, 2750),
(373, 2, 63, 3250),
(375, 2, 66, 2190),
(376, 2, 67, 0),
(377, 2, 68, 0),
(379, 2, 71, 0),
(380, 2, 72, 0),
(381, 2, 73, 0),
(383, 2, 76, 0),
(384, 2, 77, 2420),
(385, 2, 78, 2860),
(386, 2, 79, 2950),
(388, 2, 81, 2420),
(389, 2, 82, 2860),
(390, 2, 83, 2950),
(392, 2, 85, 0),
(393, 2, 86, 2640),
(394, 2, 87, 3080),
(395, 2, 88, 3170),
(397, 2, 90, 2530),
(398, 2, 91, 2970),
(399, 2, 92, 3060),
(401, 2, 94, 2750),
(402, 2, 95, 3190),
(403, 2, 96, 3280),
(405, 2, 98, 1650),
(406, 2, 100, 0),
(407, 2, 101, 350),
(408, 2, 102, 230),
(409, 2, 103, 420),
(410, 2, 104, 590),
(411, 2, 105, 550),
(412, 2, 106, 600);

-- --------------------------------------------------------

--
-- Структура таблицы `products_properties`
--

CREATE TABLE IF NOT EXISTS `products_properties` (
  `product_property_id` smallint(5) unsigned NOT NULL AUTO_INCREMENT,
  `price_group_id` tinyint(3) unsigned NOT NULL,
  `property_id` smallint(5) unsigned NOT NULL,
  `add_payment` tinyint(3) unsigned NOT NULL,
  PRIMARY KEY (`product_property_id`)
) ENGINE=InnoDB  DEFAULT CHARSET=utf8 AUTO_INCREMENT=1157 ;

--
-- Дамп данных таблицы `products_properties`
--

INSERT INTO `products_properties` (`product_property_id`, `price_group_id`, `property_id`, `add_payment`) VALUES
(1, 1, 101, 0),
(2, 1, 102, 0),
(3, 1, 103, 0),
(4, 1, 104, 0),
(5, 1, 105, 30),
(6, 1, 106, 0),
(7, 1, 107, 0),
(8, 1, 108, 0),
(9, 1, 109, 0),
(10, 1, 110, 0),
(11, 1, 111, 0),
(12, 1, 112, 0),
(13, 1, 113, 0),
(14, 1, 114, 0),
(15, 1, 115, 0),
(16, 1, 116, 0),
(17, 1, 117, 0),
(18, 1, 118, 0),
(19, 1, 119, 0),
(20, 1, 120, 0),
(21, 1, 121, 0),
(22, 1, 122, 0),
(23, 1, 123, 0),
(24, 1, 124, 0),
(25, 1, 125, 0),
(26, 1, 126, 0),
(27, 1, 127, 0),
(28, 1, 128, 0),
(29, 1, 129, 0),
(30, 1, 130, 0),
(31, 1, 131, 0),
(32, 1, 132, 0),
(33, 1, 133, 0),
(34, 1, 134, 0),
(35, 1, 135, 0),
(36, 1, 136, 0),
(37, 1, 137, 0),
(38, 1, 138, 0),
(39, 1, 139, 0),
(40, 1, 140, 30),
(41, 1, 141, 0),
(42, 1, 142, 0),
(43, 1, 143, 0),
(44, 1, 144, 0),
(45, 1, 145, 0),
(46, 1, 146, 0),
(47, 1, 147, 0),
(48, 1, 148, 0),
(49, 1, 149, 0),
(50, 1, 150, 0),
(51, 1, 151, 0),
(52, 1, 152, 0),
(53, 1, 153, 0),
(54, 1, 154, 0),
(55, 1, 155, 0),
(56, 1, 156, 0),
(57, 1, 157, 0),
(58, 1, 158, 0),
(59, 1, 159, 0),
(60, 1, 160, 0),
(61, 1, 161, 0),
(62, 1, 162, 0),
(63, 1, 163, 0),
(64, 1, 164, 0),
(65, 1, 165, 0),
(66, 1, 166, 0),
(67, 1, 167, 0),
(68, 1, 168, 0),
(69, 1, 169, 0),
(70, 1, 170, 0),
(71, 1, 171, 0),
(72, 1, 172, 0),
(73, 1, 173, 30),
(74, 1, 174, 0),
(75, 1, 175, 0),
(76, 1, 176, 0),
(77, 1, 177, 0),
(78, 1, 178, 0),
(79, 1, 179, 0),
(80, 1, 180, 0),
(81, 1, 181, 30),
(82, 1, 182, 0),
(83, 1, 183, 0),
(84, 1, 184, 0),
(85, 1, 185, 0),
(86, 1, 186, 0),
(87, 1, 187, 0),
(88, 1, 188, 30),
(89, 1, 189, 0),
(90, 1, 190, 30),
(91, 1, 191, 30),
(92, 1, 192, 0),
(93, 1, 193, 30),
(94, 1, 194, 30),
(95, 1, 195, 30),
(96, 1, 196, 0),
(97, 1, 197, 0),
(98, 1, 198, 0),
(99, 1, 199, 0),
(100, 1, 200, 0),
(101, 1, 301, 0),
(102, 1, 302, 0),
(103, 1, 303, 0),
(104, 1, 304, 0),
(105, 1, 305, 30),
(106, 1, 306, 0),
(107, 1, 307, 0),
(108, 1, 308, 0),
(109, 1, 309, 0),
(110, 1, 310, 0),
(111, 1, 311, 0),
(112, 1, 312, 0),
(113, 1, 313, 0),
(114, 1, 314, 0),
(115, 1, 315, 0),
(116, 1, 316, 0),
(117, 1, 317, 0),
(118, 1, 318, 0),
(119, 1, 319, 0),
(120, 1, 320, 0),
(121, 1, 321, 0),
(122, 1, 322, 0),
(123, 1, 323, 0),
(124, 1, 324, 0),
(125, 1, 325, 0),
(126, 1, 326, 0),
(127, 1, 327, 0),
(128, 1, 328, 0),
(129, 1, 329, 0),
(130, 1, 330, 0),
(131, 1, 331, 0),
(132, 1, 332, 0),
(133, 1, 333, 0),
(134, 1, 334, 0),
(135, 1, 335, 0),
(136, 1, 336, 0),
(137, 1, 337, 0),
(138, 1, 338, 0),
(139, 1, 339, 0),
(140, 1, 340, 30),
(141, 1, 341, 0),
(142, 1, 342, 0),
(143, 1, 343, 0),
(144, 1, 344, 0),
(145, 1, 345, 0),
(146, 1, 346, 0),
(147, 1, 347, 0),
(148, 1, 348, 0),
(149, 1, 349, 0),
(150, 1, 350, 0),
(151, 1, 351, 0),
(152, 1, 352, 0),
(153, 1, 353, 0),
(154, 1, 354, 0),
(155, 1, 355, 0),
(156, 1, 356, 0),
(157, 1, 357, 0),
(158, 1, 358, 0),
(159, 1, 359, 0),
(160, 1, 360, 0),
(161, 1, 361, 0),
(162, 1, 362, 0),
(163, 1, 363, 0),
(164, 1, 364, 0),
(165, 1, 365, 0),
(166, 1, 366, 0),
(167, 1, 367, 0),
(168, 1, 368, 0),
(169, 1, 369, 0),
(170, 1, 370, 0),
(171, 1, 371, 0),
(172, 1, 372, 0),
(173, 1, 373, 30),
(174, 1, 374, 0),
(175, 1, 375, 0),
(176, 1, 376, 0),
(177, 1, 377, 0),
(178, 1, 378, 0),
(179, 1, 379, 0),
(180, 1, 380, 0),
(181, 1, 381, 30),
(182, 1, 382, 0),
(183, 1, 383, 0),
(184, 1, 384, 0),
(185, 1, 385, 0),
(186, 1, 386, 0),
(187, 1, 387, 0),
(188, 1, 388, 30),
(189, 1, 389, 0),
(190, 1, 390, 30),
(191, 1, 391, 30),
(192, 1, 392, 0),
(193, 1, 393, 30),
(194, 1, 394, 30),
(195, 1, 395, 30),
(196, 1, 396, 0),
(197, 1, 397, 0),
(198, 1, 398, 0),
(199, 1, 399, 0),
(200, 1, 400, 0),
(201, 1, 1092, 0),
(202, 1, 1093, 0),
(203, 1, 1094, 0),
(204, 1, 1095, 0),
(205, 1, 1096, 0),
(206, 1, 1097, 0),
(207, 1, 1098, 0),
(208, 1, 1099, 0),
(209, 1, 1100, 0),
(210, 1, 1101, 0),
(211, 1, 1102, 0),
(212, 1, 1103, 0),
(213, 1, 1104, 0),
(214, 1, 1105, 0),
(215, 1, 1106, 0),
(216, 1, 1107, 0),
(217, 1, 1108, 0),
(218, 1, 1109, 0),
(219, 1, 1110, 0),
(220, 1, 1111, 0),
(221, 1, 1112, 0),
(222, 1, 1113, 0),
(223, 1, 1114, 0),
(224, 1, 1115, 0),
(225, 1, 1116, 0),
(226, 1, 1117, 0),
(227, 1, 1118, 0),
(228, 1, 1119, 0),
(229, 1, 1120, 0),
(230, 1, 1121, 0),
(231, 1, 1122, 0),
(232, 1, 1123, 0),
(233, 1, 1124, 0),
(234, 1, 1125, 0),
(235, 1, 1126, 0),
(236, 1, 1127, 0),
(237, 1, 1128, 0),
(238, 1, 1129, 0),
(239, 1, 1130, 0),
(240, 1, 1131, 0),
(241, 1, 1132, 0),
(242, 1, 1133, 0),
(243, 1, 1134, 0),
(244, 1, 1135, 0),
(245, 1, 1136, 0),
(246, 1, 1137, 0),
(247, 1, 1138, 0),
(248, 1, 1139, 0),
(249, 1, 1140, 0),
(250, 1, 1141, 0),
(251, 1, 1142, 0),
(252, 1, 1143, 0),
(253, 1, 1144, 0),
(254, 1, 1145, 0),
(255, 1, 1146, 0),
(256, 1, 1147, 0),
(257, 1, 1148, 0),
(258, 1, 1149, 0),
(259, 1, 1150, 0),
(260, 1, 1151, 0),
(261, 1, 1152, 0),
(262, 1, 1153, 0),
(263, 1, 1154, 0),
(264, 1, 1155, 0),
(265, 1, 1156, 0),
(266, 1, 1157, 0),
(267, 1, 1158, 0),
(268, 1, 1159, 0),
(269, 1, 1160, 0),
(270, 1, 1161, 0),
(271, 1, 1162, 0),
(272, 1, 1163, 0),
(273, 1, 1164, 0),
(274, 1, 1165, 0),
(275, 1, 1166, 0),
(276, 1, 1167, 0),
(277, 1, 1168, 0),
(278, 1, 1169, 0),
(279, 1, 1170, 0),
(280, 1, 1171, 0),
(281, 1, 1172, 0),
(282, 1, 1173, 0),
(283, 1, 1174, 0),
(284, 1, 1175, 0),
(285, 1, 1176, 0),
(286, 1, 1177, 0),
(287, 1, 1178, 0),
(288, 1, 1179, 0),
(289, 1, 1180, 0),
(290, 1, 1181, 0),
(291, 1, 1182, 0),
(292, 1, 1183, 0),
(293, 1, 1184, 0),
(294, 1, 1185, 0),
(295, 1, 1186, 0),
(296, 1, 1187, 0),
(297, 1, 1188, 0),
(298, 1, 1189, 0),
(299, 1, 1190, 0),
(300, 1, 1191, 0),
(301, 1, 1192, 0),
(302, 1, 1193, 0),
(303, 1, 1194, 0),
(304, 1, 1195, 0),
(305, 1, 1196, 0),
(306, 1, 1197, 0),
(307, 1, 1198, 0),
(308, 1, 1199, 0),
(309, 1, 1200, 0),
(310, 1, 1201, 0),
(311, 1, 1202, 0),
(312, 1, 1203, 0),
(313, 1, 1204, 0),
(314, 1, 1205, 0),
(315, 1, 1206, 0),
(316, 1, 1207, 0),
(317, 1, 1208, 0),
(318, 1, 1209, 0),
(319, 1, 1210, 0),
(320, 1, 1211, 0),
(321, 1, 1212, 0),
(322, 1, 1213, 0),
(323, 1, 1214, 0),
(324, 1, 1215, 0),
(325, 1, 1216, 0),
(326, 1, 1217, 0),
(327, 1, 1218, 0),
(328, 1, 1219, 0),
(329, 1, 1220, 0),
(330, 1, 1221, 0),
(331, 1, 1222, 0),
(332, 1, 1223, 0),
(333, 1, 1224, 0),
(334, 1, 1225, 0),
(335, 1, 1226, 0),
(336, 1, 1227, 0),
(337, 1, 1228, 0),
(338, 1, 1229, 0),
(339, 1, 1230, 0),
(340, 1, 1231, 0),
(341, 1, 1232, 0),
(342, 1, 1233, 0),
(343, 1, 1234, 0),
(344, 1, 1235, 0),
(345, 1, 1236, 0),
(346, 1, 1237, 0),
(347, 1, 1238, 0),
(348, 1, 1239, 0),
(349, 1, 1240, 0),
(350, 1, 1241, 0),
(351, 1, 1242, 0),
(352, 1, 1243, 0),
(353, 1, 1244, 0),
(354, 1, 1245, 0),
(355, 1, 1246, 0),
(356, 1, 1247, 0),
(357, 1, 1248, 0),
(358, 1, 1249, 0),
(359, 1, 1250, 0),
(360, 1, 1251, 0),
(361, 1, 1252, 0),
(362, 1, 1253, 0),
(363, 1, 1254, 0),
(364, 1, 1255, 0),
(365, 1, 1256, 0),
(366, 1, 1257, 0),
(367, 1, 1258, 0),
(368, 1, 1259, 0),
(369, 1, 1260, 0),
(370, 1, 1261, 0),
(371, 1, 1262, 0),
(372, 1, 1263, 0),
(373, 1, 1264, 0),
(374, 1, 1265, 0),
(375, 1, 1266, 0),
(376, 1, 1267, 0),
(377, 1, 1268, 0),
(378, 1, 1269, 0),
(379, 1, 1270, 0),
(380, 1, 1271, 0),
(381, 1, 1272, 0),
(382, 1, 1273, 0),
(383, 1, 1274, 0),
(384, 1, 1275, 0),
(385, 1, 1276, 0),
(386, 1, 1277, 0),
(387, 1, 1278, 0),
(388, 1, 1279, 0),
(389, 1, 1280, 0),
(390, 1, 1281, 0),
(391, 1, 1282, 0),
(392, 1, 1283, 0),
(393, 1, 1284, 0),
(394, 1, 1285, 0),
(395, 1, 1286, 0),
(396, 1, 1287, 0),
(397, 1, 1288, 0),
(398, 1, 1289, 0),
(399, 1, 1290, 0),
(400, 1, 1291, 0),
(401, 1, 1292, 0),
(402, 1, 1293, 0),
(403, 1, 1294, 0),
(404, 1, 1295, 0),
(405, 1, 1296, 0),
(406, 1, 1297, 0),
(407, 1, 1298, 0),
(408, 1, 1299, 0),
(409, 1, 1300, 0),
(410, 1, 1301, 0),
(411, 1, 1302, 0),
(412, 1, 1303, 0),
(413, 1, 1304, 0),
(414, 1, 1305, 0),
(415, 1, 1306, 0),
(416, 1, 1307, 0),
(417, 1, 1308, 0),
(418, 1, 1309, 0),
(419, 1, 1310, 0),
(420, 1, 1311, 0),
(421, 1, 1312, 0),
(422, 1, 1313, 0),
(423, 1, 1314, 0),
(424, 1, 1315, 0),
(425, 1, 1316, 0),
(426, 1, 1317, 0),
(427, 1, 1318, 0),
(428, 1, 1319, 0),
(429, 1, 1320, 0),
(430, 1, 1321, 0),
(431, 1, 1322, 0),
(432, 1, 1323, 0),
(433, 1, 1324, 0),
(434, 1, 1325, 0),
(435, 1, 1326, 0),
(436, 1, 1327, 0),
(437, 1, 1328, 0),
(438, 1, 1329, 0),
(439, 1, 1330, 0),
(440, 1, 1331, 0),
(441, 1, 1332, 0),
(442, 1, 1333, 0),
(443, 1, 1334, 0),
(444, 1, 1335, 0),
(445, 1, 1336, 0),
(446, 1, 1337, 0),
(447, 1, 1338, 0),
(448, 1, 1339, 0),
(449, 1, 1340, 0),
(450, 1, 1341, 0),
(451, 1, 1342, 0),
(452, 1, 1343, 0),
(453, 1, 1344, 0),
(454, 1, 1345, 0),
(455, 1, 1346, 0),
(456, 1, 1347, 0),
(457, 1, 1348, 0),
(458, 1, 1349, 0),
(459, 1, 1350, 0),
(460, 1, 1351, 0),
(461, 1, 1352, 0),
(462, 1, 1353, 0),
(463, 1, 1354, 0),
(464, 1, 1355, 0),
(465, 1, 1356, 0),
(466, 1, 1357, 0),
(467, 1, 1358, 0),
(468, 1, 1359, 0),
(469, 1, 1360, 0),
(470, 1, 1361, 0),
(471, 1, 1362, 0),
(472, 1, 1363, 0),
(473, 1, 1364, 0),
(474, 1, 1365, 0),
(475, 1, 1366, 0),
(476, 1, 1367, 0),
(477, 1, 1368, 0),
(478, 1, 1369, 0),
(479, 1, 1370, 0),
(480, 1, 1371, 0),
(481, 1, 1372, 0),
(482, 1, 1373, 0),
(483, 1, 1374, 0),
(484, 1, 1375, 0),
(485, 1, 1376, 0),
(486, 1, 1377, 0),
(487, 1, 1378, 0),
(488, 1, 1379, 0),
(489, 1, 1380, 0),
(490, 1, 1381, 0),
(491, 1, 1382, 0),
(492, 1, 1383, 0),
(493, 1, 1384, 0),
(494, 1, 1385, 0),
(495, 1, 1386, 0),
(496, 1, 1387, 0),
(497, 1, 1388, 0),
(498, 1, 1389, 0),
(499, 1, 1390, 0),
(500, 1, 1391, 0),
(501, 1, 1392, 0),
(502, 1, 1393, 0),
(503, 1, 1394, 0),
(504, 1, 1395, 0),
(505, 1, 1396, 0),
(506, 1, 1397, 0),
(507, 1, 1398, 0),
(508, 1, 1399, 0),
(509, 1, 1400, 0),
(510, 1, 1401, 0),
(511, 1, 1402, 0),
(512, 1, 1403, 0),
(513, 1, 1404, 0),
(514, 1, 1405, 0),
(515, 1, 1406, 0),
(516, 1, 1407, 0),
(517, 1, 1408, 0),
(518, 1, 1409, 0),
(519, 1, 1410, 0),
(520, 1, 1411, 0),
(521, 1, 1412, 0),
(522, 1, 1413, 0),
(523, 1, 1414, 0),
(524, 1, 1415, 0),
(525, 1, 1416, 0),
(526, 1, 1417, 0),
(527, 1, 1418, 0),
(528, 1, 1419, 0),
(529, 1, 1420, 0),
(530, 1, 1421, 0),
(531, 1, 1422, 0),
(532, 1, 1423, 0),
(533, 1, 1424, 0),
(534, 1, 1425, 0),
(535, 1, 1426, 0),
(536, 1, 1427, 0),
(537, 1, 1428, 0),
(538, 1, 1429, 0),
(539, 1, 1430, 0),
(540, 1, 1431, 0),
(541, 1, 1432, 0),
(542, 1, 1433, 0),
(543, 1, 1434, 0),
(544, 1, 1435, 0),
(545, 1, 1436, 0),
(546, 1, 1437, 0),
(547, 1, 1438, 0),
(548, 1, 1439, 0),
(549, 1, 1440, 0),
(550, 1, 1441, 0),
(551, 1, 1442, 0),
(552, 1, 1443, 0),
(553, 1, 1444, 0),
(554, 1, 1445, 0),
(555, 1, 1446, 0),
(556, 1, 1447, 0),
(557, 1, 1448, 0),
(558, 1, 1449, 0),
(559, 1, 1450, 0),
(560, 1, 1451, 0),
(561, 1, 1452, 0),
(562, 1, 1453, 0),
(563, 1, 1454, 0),
(564, 1, 1455, 0),
(565, 1, 1456, 0),
(566, 1, 1457, 0),
(567, 1, 1458, 0),
(568, 1, 1459, 0),
(569, 1, 1460, 0),
(570, 1, 1461, 0),
(571, 1, 1462, 0),
(572, 1, 1463, 0),
(573, 1, 1464, 0),
(574, 1, 1465, 0),
(575, 1, 1466, 0),
(576, 1, 1467, 0),
(577, 1, 1468, 0),
(578, 1, 1469, 0),
(579, 2, 101, 0),
(580, 2, 102, 0),
(581, 2, 103, 0),
(582, 2, 104, 0),
(583, 2, 105, 30),
(584, 2, 106, 0),
(585, 2, 107, 0),
(586, 2, 108, 0),
(587, 2, 109, 0),
(588, 2, 110, 0),
(589, 2, 111, 0),
(590, 2, 112, 0),
(591, 2, 113, 0),
(592, 2, 114, 0),
(593, 2, 115, 0),
(594, 2, 116, 0),
(595, 2, 117, 0),
(596, 2, 118, 0),
(597, 2, 119, 0),
(598, 2, 120, 0),
(599, 2, 121, 0),
(600, 2, 122, 0),
(601, 2, 123, 0),
(602, 2, 124, 0),
(603, 2, 125, 0),
(604, 2, 126, 0),
(605, 2, 127, 0),
(606, 2, 128, 0),
(607, 2, 129, 0),
(608, 2, 130, 0),
(609, 2, 131, 0),
(610, 2, 132, 0),
(611, 2, 133, 0),
(612, 2, 134, 0),
(613, 2, 135, 0),
(614, 2, 136, 0),
(615, 2, 137, 0),
(616, 2, 138, 0),
(617, 2, 139, 0),
(618, 2, 140, 30),
(619, 2, 141, 0),
(620, 2, 142, 0),
(621, 2, 143, 0),
(622, 2, 144, 0),
(623, 2, 145, 0),
(624, 2, 146, 0),
(625, 2, 147, 0),
(626, 2, 148, 0),
(627, 2, 149, 0),
(628, 2, 150, 0),
(629, 2, 151, 0),
(630, 2, 152, 0),
(631, 2, 153, 0),
(632, 2, 154, 0),
(633, 2, 155, 0),
(634, 2, 156, 0),
(635, 2, 157, 0),
(636, 2, 158, 0),
(637, 2, 159, 0),
(638, 2, 160, 0),
(639, 2, 161, 0),
(640, 2, 162, 0),
(641, 2, 163, 0),
(642, 2, 164, 0),
(643, 2, 165, 0),
(644, 2, 166, 0),
(645, 2, 167, 0),
(646, 2, 168, 0),
(647, 2, 169, 0),
(648, 2, 170, 0),
(649, 2, 171, 0),
(650, 2, 172, 0),
(651, 2, 173, 30),
(652, 2, 174, 0),
(653, 2, 175, 0),
(654, 2, 176, 0),
(655, 2, 177, 0),
(656, 2, 178, 0),
(657, 2, 179, 0),
(658, 2, 180, 0),
(659, 2, 181, 30),
(660, 2, 182, 0),
(661, 2, 183, 0),
(662, 2, 184, 0),
(663, 2, 185, 0),
(664, 2, 186, 0),
(665, 2, 187, 0),
(666, 2, 188, 30),
(667, 2, 189, 0),
(668, 2, 190, 30),
(669, 2, 191, 30),
(670, 2, 192, 0),
(671, 2, 193, 30),
(672, 2, 194, 30),
(673, 2, 195, 30),
(674, 2, 196, 0),
(675, 2, 197, 0),
(676, 2, 198, 0),
(677, 2, 199, 0),
(678, 2, 200, 0),
(679, 2, 301, 0),
(680, 2, 302, 0),
(681, 2, 303, 0),
(682, 2, 304, 0),
(683, 2, 305, 30),
(684, 2, 306, 0),
(685, 2, 307, 0),
(686, 2, 308, 0),
(687, 2, 309, 0),
(688, 2, 310, 0),
(689, 2, 311, 0),
(690, 2, 312, 0),
(691, 2, 313, 0),
(692, 2, 314, 0),
(693, 2, 315, 0),
(694, 2, 316, 0),
(695, 2, 317, 0),
(696, 2, 318, 0),
(697, 2, 319, 0),
(698, 2, 320, 0),
(699, 2, 321, 0),
(700, 2, 322, 0),
(701, 2, 323, 0),
(702, 2, 324, 0),
(703, 2, 325, 0),
(704, 2, 326, 0),
(705, 2, 327, 0),
(706, 2, 328, 0),
(707, 2, 329, 0),
(708, 2, 330, 0),
(709, 2, 331, 0),
(710, 2, 332, 0),
(711, 2, 333, 0),
(712, 2, 334, 0),
(713, 2, 335, 0),
(714, 2, 336, 0),
(715, 2, 337, 0),
(716, 2, 338, 0),
(717, 2, 339, 0),
(718, 2, 340, 30),
(719, 2, 341, 0),
(720, 2, 342, 0),
(721, 2, 343, 0),
(722, 2, 344, 0),
(723, 2, 345, 0),
(724, 2, 346, 0),
(725, 2, 347, 0),
(726, 2, 348, 0),
(727, 2, 349, 0),
(728, 2, 350, 0),
(729, 2, 351, 0),
(730, 2, 352, 0),
(731, 2, 353, 0),
(732, 2, 354, 0),
(733, 2, 355, 0),
(734, 2, 356, 0),
(735, 2, 357, 0),
(736, 2, 358, 0),
(737, 2, 359, 0),
(738, 2, 360, 0),
(739, 2, 361, 0),
(740, 2, 362, 0),
(741, 2, 363, 0),
(742, 2, 364, 0),
(743, 2, 365, 0),
(744, 2, 366, 0),
(745, 2, 367, 0),
(746, 2, 368, 0),
(747, 2, 369, 0),
(748, 2, 370, 0),
(749, 2, 371, 0),
(750, 2, 372, 0),
(751, 2, 373, 30),
(752, 2, 374, 0),
(753, 2, 375, 0),
(754, 2, 376, 0),
(755, 2, 377, 0),
(756, 2, 378, 0),
(757, 2, 379, 0),
(758, 2, 380, 0),
(759, 2, 381, 30),
(760, 2, 382, 0),
(761, 2, 383, 0),
(762, 2, 384, 0),
(763, 2, 385, 0),
(764, 2, 386, 0),
(765, 2, 387, 0),
(766, 2, 388, 30),
(767, 2, 389, 0),
(768, 2, 390, 30),
(769, 2, 391, 30),
(770, 2, 392, 0),
(771, 2, 393, 30),
(772, 2, 394, 30),
(773, 2, 395, 30),
(774, 2, 396, 0),
(775, 2, 397, 0),
(776, 2, 398, 0),
(777, 2, 399, 0),
(778, 2, 400, 0),
(779, 2, 1092, 10),
(780, 2, 1093, 10),
(781, 2, 1094, 10),
(782, 2, 1095, 10),
(783, 2, 1096, 10),
(784, 2, 1097, 10),
(785, 2, 1098, 10),
(786, 2, 1099, 10),
(787, 2, 1100, 10),
(788, 2, 1101, 10),
(789, 2, 1102, 10),
(790, 2, 1103, 10),
(791, 2, 1104, 10),
(792, 2, 1105, 10),
(793, 2, 1106, 10),
(794, 2, 1107, 10),
(795, 2, 1108, 10),
(796, 2, 1109, 10),
(797, 2, 1110, 10),
(798, 2, 1111, 10),
(799, 2, 1112, 10),
(800, 2, 1113, 10),
(801, 2, 1114, 10),
(802, 2, 1115, 10),
(803, 2, 1116, 10),
(804, 2, 1117, 10),
(805, 2, 1118, 10),
(806, 2, 1119, 10),
(807, 2, 1120, 10),
(808, 2, 1121, 10),
(809, 2, 1122, 10),
(810, 2, 1123, 10),
(811, 2, 1124, 10),
(812, 2, 1125, 10),
(813, 2, 1126, 10),
(814, 2, 1127, 10),
(815, 2, 1128, 10),
(816, 2, 1129, 10),
(817, 2, 1130, 10),
(818, 2, 1131, 10),
(819, 2, 1132, 10),
(820, 2, 1133, 10),
(821, 2, 1134, 10),
(822, 2, 1135, 10),
(823, 2, 1136, 10),
(824, 2, 1137, 10),
(825, 2, 1138, 10),
(826, 2, 1139, 10),
(827, 2, 1140, 10),
(828, 2, 1141, 10),
(829, 2, 1142, 10),
(830, 2, 1143, 10),
(831, 2, 1144, 10),
(832, 2, 1145, 10),
(833, 2, 1146, 10),
(834, 2, 1147, 10),
(835, 2, 1148, 10),
(836, 2, 1149, 10),
(837, 2, 1150, 10),
(838, 2, 1151, 10),
(839, 2, 1152, 10),
(840, 2, 1153, 10),
(841, 2, 1154, 10),
(842, 2, 1155, 10),
(843, 2, 1156, 10),
(844, 2, 1157, 10),
(845, 2, 1158, 10),
(846, 2, 1159, 10),
(847, 2, 1160, 10),
(848, 2, 1161, 10),
(849, 2, 1162, 10),
(850, 2, 1163, 10),
(851, 2, 1164, 10),
(852, 2, 1165, 10),
(853, 2, 1166, 10),
(854, 2, 1167, 10),
(855, 2, 1168, 10),
(856, 2, 1169, 10),
(857, 2, 1170, 10),
(858, 2, 1171, 10),
(859, 2, 1172, 10),
(860, 2, 1173, 10),
(861, 2, 1174, 10),
(862, 2, 1175, 10),
(863, 2, 1176, 10),
(864, 2, 1177, 10),
(865, 2, 1178, 10),
(866, 2, 1179, 10),
(867, 2, 1180, 10),
(868, 2, 1181, 10),
(869, 2, 1182, 10),
(870, 2, 1183, 10),
(871, 2, 1184, 10),
(872, 2, 1185, 10),
(873, 2, 1186, 10),
(874, 2, 1187, 10),
(875, 2, 1188, 10),
(876, 2, 1189, 10),
(877, 2, 1190, 10),
(878, 2, 1191, 10),
(879, 2, 1192, 10),
(880, 2, 1193, 10),
(881, 2, 1194, 10),
(882, 2, 1195, 10),
(883, 2, 1196, 10),
(884, 2, 1197, 10),
(885, 2, 1198, 10),
(886, 2, 1199, 10),
(887, 2, 1200, 10),
(888, 2, 1201, 10),
(889, 2, 1202, 10),
(890, 2, 1203, 10),
(891, 2, 1204, 10),
(892, 2, 1205, 10),
(893, 2, 1206, 10),
(894, 2, 1207, 10),
(895, 2, 1208, 10),
(896, 2, 1209, 10),
(897, 2, 1210, 10),
(898, 2, 1211, 10),
(899, 2, 1212, 10),
(900, 2, 1213, 10),
(901, 2, 1214, 10),
(902, 2, 1215, 10),
(903, 2, 1216, 10),
(904, 2, 1217, 10),
(905, 2, 1218, 10),
(906, 2, 1219, 10),
(907, 2, 1220, 10),
(908, 2, 1221, 10),
(909, 2, 1222, 10),
(910, 2, 1223, 10),
(911, 2, 1224, 10),
(912, 2, 1225, 10),
(913, 2, 1226, 10),
(914, 2, 1227, 10),
(915, 2, 1228, 10),
(916, 2, 1229, 10),
(917, 2, 1230, 10),
(918, 2, 1231, 10),
(919, 2, 1232, 10),
(920, 2, 1233, 10),
(921, 2, 1234, 10),
(922, 2, 1235, 10),
(923, 2, 1236, 10),
(924, 2, 1237, 10),
(925, 2, 1238, 10),
(926, 2, 1239, 10),
(927, 2, 1240, 10),
(928, 2, 1241, 10),
(929, 2, 1242, 10),
(930, 2, 1243, 10),
(931, 2, 1244, 10),
(932, 2, 1245, 10),
(933, 2, 1246, 10),
(934, 2, 1247, 10),
(935, 2, 1248, 10),
(936, 2, 1249, 10),
(937, 2, 1250, 10),
(938, 2, 1251, 10),
(939, 2, 1252, 10),
(940, 2, 1253, 10),
(941, 2, 1254, 10),
(942, 2, 1255, 10),
(943, 2, 1256, 10),
(944, 2, 1257, 10),
(945, 2, 1258, 10),
(946, 2, 1259, 10),
(947, 2, 1260, 10),
(948, 2, 1261, 10),
(949, 2, 1262, 10),
(950, 2, 1263, 10),
(951, 2, 1264, 10),
(952, 2, 1265, 10),
(953, 2, 1266, 10),
(954, 2, 1267, 10),
(955, 2, 1268, 10),
(956, 2, 1269, 10),
(957, 2, 1270, 10),
(958, 2, 1271, 10),
(959, 2, 1272, 10),
(960, 2, 1273, 10),
(961, 2, 1274, 10),
(962, 2, 1275, 10),
(963, 2, 1276, 10),
(964, 2, 1277, 10),
(965, 2, 1278, 10),
(966, 2, 1279, 10),
(967, 2, 1280, 10),
(968, 2, 1281, 10),
(969, 2, 1282, 10),
(970, 2, 1283, 10),
(971, 2, 1284, 10),
(972, 2, 1285, 10),
(973, 2, 1286, 10),
(974, 2, 1287, 10),
(975, 2, 1288, 10),
(976, 2, 1289, 10),
(977, 2, 1290, 20),
(978, 2, 1291, 10),
(979, 2, 1292, 10),
(980, 2, 1293, 10),
(981, 2, 1294, 10),
(982, 2, 1295, 20),
(983, 2, 1296, 10),
(984, 2, 1297, 10),
(985, 2, 1298, 10),
(986, 2, 1299, 10),
(987, 2, 1300, 10),
(988, 2, 1301, 10),
(989, 2, 1302, 10),
(990, 2, 1303, 10),
(991, 2, 1304, 0),
(992, 2, 1305, 0),
(993, 2, 1306, 0),
(994, 2, 1307, 0),
(995, 2, 1308, 0),
(996, 2, 1309, 0),
(997, 2, 1310, 0),
(998, 2, 1311, 0),
(999, 2, 1312, 0),
(1000, 2, 1313, 0),
(1001, 2, 1314, 0),
(1002, 2, 1315, 0),
(1003, 2, 1316, 0),
(1004, 2, 1317, 0),
(1005, 2, 1318, 0),
(1006, 2, 1319, 0),
(1007, 2, 1320, 0),
(1008, 2, 1321, 0),
(1009, 2, 1322, 0),
(1010, 2, 1323, 0),
(1011, 2, 1324, 0),
(1012, 2, 1325, 0),
(1013, 2, 1326, 0),
(1014, 2, 1327, 0),
(1015, 2, 1328, 0),
(1016, 2, 1329, 0),
(1017, 2, 1330, 0),
(1018, 2, 1331, 0),
(1019, 2, 1332, 0),
(1020, 2, 1333, 0),
(1021, 2, 1334, 0),
(1022, 2, 1335, 0),
(1023, 2, 1336, 0),
(1024, 2, 1337, 0),
(1025, 2, 1338, 0),
(1026, 2, 1339, 0),
(1027, 2, 1340, 0),
(1028, 2, 1341, 0),
(1029, 2, 1342, 0),
(1030, 2, 1343, 0),
(1031, 2, 1344, 0),
(1032, 2, 1345, 0),
(1033, 2, 1346, 0),
(1034, 2, 1347, 0),
(1035, 2, 1348, 0),
(1036, 2, 1349, 0),
(1037, 2, 1350, 0),
(1038, 2, 1351, 0),
(1039, 2, 1352, 0),
(1040, 2, 1353, 0),
(1041, 2, 1354, 0),
(1042, 2, 1355, 0),
(1043, 2, 1356, 0),
(1044, 2, 1357, 0),
(1045, 2, 1358, 0),
(1046, 2, 1359, 0),
(1047, 2, 1360, 0),
(1048, 2, 1361, 0),
(1049, 2, 1362, 0),
(1050, 2, 1363, 0),
(1051, 2, 1364, 0),
(1052, 2, 1365, 0),
(1053, 2, 1366, 0),
(1054, 2, 1367, 0),
(1055, 2, 1368, 0),
(1056, 2, 1369, 0),
(1057, 2, 1370, 0),
(1058, 2, 1371, 0),
(1059, 2, 1372, 0),
(1060, 2, 1373, 0),
(1061, 2, 1374, 0),
(1062, 2, 1375, 0),
(1063, 2, 1376, 0),
(1064, 2, 1377, 0),
(1065, 2, 1378, 0),
(1066, 2, 1379, 0),
(1067, 2, 1380, 0),
(1068, 2, 1381, 0),
(1069, 2, 1382, 0),
(1070, 2, 1383, 0),
(1071, 2, 1384, 0),
(1072, 2, 1385, 0),
(1073, 2, 1386, 0),
(1074, 2, 1387, 0),
(1075, 2, 1388, 0),
(1076, 2, 1389, 0),
(1077, 2, 1390, 0),
(1078, 2, 1391, 0),
(1079, 2, 1392, 0),
(1080, 2, 1393, 0),
(1081, 2, 1394, 0),
(1082, 2, 1395, 0),
(1083, 2, 1396, 0),
(1084, 2, 1397, 0),
(1085, 2, 1398, 0),
(1086, 2, 1399, 0),
(1087, 2, 1400, 0),
(1088, 2, 1401, 0),
(1089, 2, 1402, 0),
(1090, 2, 1403, 0),
(1091, 2, 1404, 0),
(1092, 2, 1405, 0),
(1093, 2, 1406, 0),
(1094, 2, 1407, 0),
(1095, 2, 1408, 0),
(1096, 2, 1409, 0),
(1097, 2, 1410, 0),
(1098, 2, 1411, 0),
(1099, 2, 1412, 0),
(1100, 2, 1413, 0),
(1101, 2, 1414, 0),
(1102, 2, 1415, 0),
(1103, 2, 1416, 0),
(1104, 2, 1417, 0),
(1105, 2, 1418, 0),
(1106, 2, 1419, 0),
(1107, 2, 1420, 0),
(1108, 2, 1421, 0),
(1109, 2, 1422, 0),
(1110, 2, 1423, 0),
(1111, 2, 1424, 0),
(1112, 2, 1425, 0),
(1113, 2, 1426, 0),
(1114, 2, 1427, 0),
(1115, 2, 1428, 0),
(1116, 2, 1429, 0),
(1117, 2, 1430, 0),
(1118, 2, 1431, 0),
(1119, 2, 1432, 0),
(1120, 2, 1433, 0),
(1121, 2, 1434, 0),
(1122, 2, 1435, 0),
(1123, 2, 1436, 0),
(1124, 2, 1437, 0),
(1125, 2, 1438, 0),
(1126, 2, 1439, 0),
(1127, 2, 1440, 0),
(1128, 2, 1441, 0),
(1129, 2, 1442, 0),
(1130, 2, 1443, 0),
(1131, 2, 1444, 0),
(1132, 2, 1445, 0),
(1133, 2, 1446, 0),
(1134, 2, 1447, 0),
(1135, 2, 1448, 0),
(1136, 2, 1449, 0),
(1137, 2, 1450, 0),
(1138, 2, 1451, 0),
(1139, 2, 1452, 0),
(1140, 2, 1453, 0),
(1141, 2, 1454, 0),
(1142, 2, 1455, 0),
(1143, 2, 1456, 0),
(1144, 2, 1457, 0),
(1145, 2, 1458, 0),
(1146, 2, 1459, 0),
(1147, 2, 1460, 0),
(1148, 2, 1461, 0),
(1149, 2, 1462, 0),
(1150, 2, 1463, 0),
(1151, 2, 1464, 0),
(1152, 2, 1465, 0),
(1153, 2, 1466, 0),
(1154, 2, 1467, 0),
(1155, 2, 1468, 0),
(1156, 2, 1469, 0);

-- --------------------------------------------------------

--
-- Структура таблицы `products_types`
--

CREATE TABLE IF NOT EXISTS `products_types` (
  `product_type_id` tinyint(3) unsigned NOT NULL AUTO_INCREMENT,
  `name` varchar(40) NOT NULL,
  PRIMARY KEY (`product_type_id`)
) ENGINE=InnoDB  DEFAULT CHARSET=utf8 AUTO_INCREMENT=4 ;

--
-- Дамп данных таблицы `products_types`
--

INSERT INTO `products_types` (`product_type_id`, `name`) VALUES
(1, 'Стіл'),
(2, 'Стілець'),
(3, 'Табурет');

-- --------------------------------------------------------

--
-- Структура таблицы `properties`
--

CREATE TABLE IF NOT EXISTS `properties` (
  `property_id` smallint(5) unsigned NOT NULL AUTO_INCREMENT,
  `attribute_id` tinyint(3) unsigned NOT NULL,
  `property_info_id` tinyint(3) unsigned NOT NULL,
  `name` varchar(255) NOT NULL,
  `img_url` varchar(255) NOT NULL,
  `img_url_thumb` varchar(255) NOT NULL,
  PRIMARY KEY (`property_id`)
) ENGINE=InnoDB  DEFAULT CHARSET=utf8 AUTO_INCREMENT=1522 ;

--
-- Дамп данных таблицы `properties`
--

INSERT INTO `properties` (`property_id`, `attribute_id`, `property_info_id`, `name`, `img_url`, `img_url_thumb`) VALUES
(101, 1, 1, 'F501 ST2 Титан', 'images/prop/dsp/egger/F501_ST2_Титан.jpg', 'images/prop/dsp/egger/thumb/F501_ST2_Титан.jpg'),
(102, 1, 1, 'F509 ST2 Алюминий', 'images/prop/dsp/egger/F509_ST2_Алюминий.jpg', 'images/prop/dsp/egger/thumb/F509_ST2_Алюминий.jpg'),
(103, 1, 1, 'F583 ST22 Фино бронза', 'images/prop/dsp/egger/F583_ST22_Фино_бронза.jpg', 'images/prop/dsp/egger/thumb/F583_ST22_Фино_бронза.jpg'),
(104, 1, 1, 'F584 ST22 Фино корица', 'images/prop/dsp/egger/F584_ST22_Фино_корица.jpg', 'images/prop/dsp/egger/thumb/F584_ST22_Фино_корица.jpg'),
(105, 1, 1, 'H1111 ST30 Снейквуд', 'images/prop/dsp/egger/H1111_ST30_Снейквуд.jpg', 'images/prop/dsp/egger/thumb/H1111_ST30_Снейквуд.jpg'),
(106, 1, 1, 'H1129 ST15 Дымчатый дуб', 'images/prop/dsp/egger/H1129_ST15_Дымчатый_дуб.jpg', 'images/prop/dsp/egger/thumb/H1129_ST15_Дымчатый_дуб.jpg'),
(107, 1, 1, 'H1137 ST11 Дуб Феррара чёрно-коричневый', 'images/prop/dsp/egger/H1137_ST11_Дуб_Феррара_чёрно-коричневый.jpg', 'images/prop/dsp/egger/thumb/H1137_ST11_Дуб_Феррара_чёрно-коричневый.jpg'),
(108, 1, 1, 'H1145 ST10 Дуб Бардолино натуральный', 'images/prop/dsp/egger/H1145_ST10_Дуб_Бардолино_натуральный.jpg', 'images/prop/dsp/egger/thumb/H1145_ST10_Дуб_Бардолино_натуральный.jpg'),
(109, 1, 1, 'H1146 ST10 Дуб Бардолино серый', 'images/prop/dsp/egger/H1146_ST10_Дуб_Бардолино_серый.jpg', 'images/prop/dsp/egger/thumb/H1146_ST10_Дуб_Бардолино_серый.jpg'),
(110, 1, 1, 'H1151 ST10 Дуб Аутентик коричневый', 'images/prop/dsp/egger/H1151_ST10_Дуб_Аутентик_коричневый.jpg', 'images/prop/dsp/egger/thumb/H1151_ST10_Дуб_Аутентик_коричневый.jpg'),
(111, 1, 1, 'H1215 ST22 Ясень Кассино коричневый', 'images/prop/dsp/egger/H1215_ST22_Ясень_Кассино_коричневый.jpg', 'images/prop/dsp/egger/thumb/H1215_ST22_Ясень_Кассино_коричневый.jpg'),
(112, 1, 1, 'H1267 ST22 Ясень молина песочный', 'images/prop/dsp/egger/H1267_ST22_Ясень_молина_песочный.jpg', 'images/prop/dsp/egger/thumb/H1267_ST22_Ясень_молина_песочный.jpg'),
(113, 1, 1, 'H1277 ST9 Акация Лэйклэнд светлая', 'images/prop/dsp/egger/H1277_ST9_Акация_Лэйклэнд_светлая.jpg', 'images/prop/dsp/egger/thumb/H1277_ST9_Акация_Лэйклэнд_светлая.jpg'),
(114, 1, 1, 'H1298 ST22 Ясень Лион песочный', 'images/prop/dsp/egger/H1298_ST22_Ясень_Лион_песочный.jpg', 'images/prop/dsp/egger/thumb/H1298_ST22_Ясень_Лион_песочный.jpg'),
(115, 1, 1, 'H1334 ST9 Дуб Феррара светлый', 'images/prop/dsp/egger/H1334_ST9_Дуб_Феррара_светлый.jpg', 'images/prop/dsp/egger/thumb/H1334_ST9_Дуб_Феррара_светлый.jpg'),
(116, 1, 1, 'H1372 ST22 Дуб Арагон натуральный', 'images/prop/dsp/egger/H1372_ST22_Дуб_Арагон_натуральный.jpg', 'images/prop/dsp/egger/thumb/H1372_ST22_Дуб_Арагон_натуральный.jpg'),
(117, 1, 1, 'H1394 ST9 Дуб Кремона песочный', 'images/prop/dsp/egger/H1394_ST9_Дуб_Кремона_песочный.jpg', 'images/prop/dsp/egger/thumb/H1394_ST9_Дуб_Кремона_песочный.jpg'),
(118, 1, 1, 'H1424 ST22 Вудлайн кремовый', 'images/prop/dsp/egger/H1424_ST22_Вудлайн_кремовый.jpg', 'images/prop/dsp/egger/thumb/H1424_ST22_Вудлайн_кремовый.jpg'),
(119, 1, 1, 'H1428 ST22 Вудлайн мокко', 'images/prop/dsp/egger/H1428_ST22_Вудлайн_мокко.jpg', 'images/prop/dsp/egger/thumb/H1428_ST22_Вудлайн_мокко.jpg'),
(120, 1, 1, 'H1476 ST22 Сосна Авола шампань', 'images/prop/dsp/egger/H1476_ST22_Сосна_Авола_шампань.jpg', 'images/prop/dsp/egger/thumb/H1476_ST22_Сосна_Авола_шампань.jpg'),
(121, 1, 1, 'H1484 ST22 Сосна Авола коричневая', 'images/prop/dsp/egger/H1484_ST22_Сосна_Авола_коричневая.jpg', 'images/prop/dsp/egger/thumb/H1484_ST22_Сосна_Авола_коричневая.jpg'),
(122, 1, 1, 'H1502 ST15 Ольха', 'images/prop/dsp/egger/H1502_ST15_Ольха.jpg', 'images/prop/dsp/egger/thumb/H1502_ST15_Ольха.jpg'),
(123, 1, 1, 'H1511 ST15 Бук Бавария', 'images/prop/dsp/egger/H1511_ST15_Бук_Бавария.jpg', 'images/prop/dsp/egger/thumb/H1511_ST15_Бук_Бавария.jpg'),
(124, 1, 1, 'H1521 ST15 Клён медовый', 'images/prop/dsp/egger/H1521_ST15_Клён_медовый.jpg', 'images/prop/dsp/egger/thumb/H1521_ST15_Клён_медовый.jpg'),
(125, 1, 1, 'H1555 ST15 Венге', 'images/prop/dsp/egger/H1555_ST15_Венге.jpg', 'images/prop/dsp/egger/thumb/H1555_ST15_Венге.jpg'),
(126, 1, 1, 'H1582 ST15 Бук Эльмау', 'images/prop/dsp/egger/H1582_ST15_Бук_Эльмау.jpg', 'images/prop/dsp/egger/thumb/H1582_ST15_Бук_Эльмау.jpg'),
(127, 1, 1, 'H1586 ST15 Бук дымчатый', 'images/prop/dsp/egger/H1586_ST15_Бук_дымчатый.jpg', 'images/prop/dsp/egger/thumb/H1586_ST15_Бук_дымчатый.jpg'),
(128, 1, 1, 'H1599 ST15 Бук Тироль шоколадный', 'images/prop/dsp/egger/H1599_ST15_Бук_Тироль_шоколадный.jpg', 'images/prop/dsp/egger/thumb/H1599_ST15_Бук_Тироль_шоколадный.jpg'),
(129, 1, 1, 'H1615 ST9 Вишня Романа', 'images/prop/dsp/egger/H1615_ST9_Вишня_Романа.jpg', 'images/prop/dsp/egger/thumb/H1615_ST9_Вишня_Романа.jpg'),
(130, 1, 1, 'H1698 ST15 Вишня Ломбардо натуральная', 'images/prop/dsp/egger/H1698_ST15_Вишня_Ломбардо_натуральная.jpg', 'images/prop/dsp/egger/thumb/H1698_ST15_Вишня_Ломбардо_натуральная.jpg'),
(131, 1, 1, 'H1706 ST15 Вишня', 'images/prop/dsp/egger/H1706_ST15_Вишня.jpg', 'images/prop/dsp/egger/thumb/H1706_ST15_Вишня.jpg'),
(132, 1, 1, 'H1709 ST15 Французкий орех', 'images/prop/dsp/egger/H1709_ST15_Французкий_орех.jpg', 'images/prop/dsp/egger/thumb/H1709_ST15_Французкий_орех.jpg'),
(133, 1, 1, 'H1733 ST9 Берёза Майнау', 'images/prop/dsp/egger/H1733_ST9_Берёза_Майнау.jpg', 'images/prop/dsp/egger/thumb/H1733_ST9_Берёза_Майнау.jpg'),
(134, 1, 1, 'H1950 ST15 Кальвадос натуральный', 'images/prop/dsp/egger/H1950_ST15_Кальвадос_натуральный.jpg', 'images/prop/dsp/egger/thumb/H1950_ST15_Кальвадос_натуральный.jpg'),
(135, 1, 1, 'H1951 ST15 Кальвадос красно-коричневый', 'images/prop/dsp/egger/H1951_ST15_Кальвадос_красно-коричневый.jpg', 'images/prop/dsp/egger/thumb/H1951_ST15_Кальвадос_красно-коричневый.jpg'),
(136, 1, 1, 'H3005 ST22 Зебрано серо-бежевый', 'images/prop/dsp/egger/H3005_ST22_Зебрано_серо-бежевый.jpg', 'images/prop/dsp/egger/thumb/H3005_ST22_Зебрано_серо-бежевый.jpg'),
(137, 1, 1, 'H3006 ST22 Зебрано песочный', 'images/prop/dsp/egger/H3006_ST22_Зебрано_песочный.jpg', 'images/prop/dsp/egger/thumb/H3006_ST22_Зебрано_песочный.jpg'),
(138, 1, 1, 'H3012 ST22 Кокоболо натуральный', 'images/prop/dsp/egger/H3012_ST22_Кокоболо_натуральный.jpg', 'images/prop/dsp/egger/thumb/H3012_ST22_Кокоболо_натуральный.jpg'),
(139, 1, 1, 'H3025 ST15 Макасар', 'images/prop/dsp/egger/H3025_ST15_Макасар.jpg', 'images/prop/dsp/egger/thumb/H3025_ST15_Макасар.jpg'),
(140, 1, 1, 'H3025 ST30 Макасар', 'images/prop/dsp/egger/H3025_ST30_Макасар.jpg', 'images/prop/dsp/egger/thumb/H3025_ST30_Макасар.jpg'),
(141, 1, 1, 'H3030 ST9 Олива Кордоба светлая', 'images/prop/dsp/egger/H3030_ST9_Олива_Кордоба_светлая.jpg', 'images/prop/dsp/egger/thumb/H3030_ST9_Олива_Кордоба_светлая.jpg'),
(142, 1, 1, 'H3031 ST9 Олива Кордоба тёмная', 'images/prop/dsp/egger/H3031_ST9_Олива_Кордоба_тёмная.jpg', 'images/prop/dsp/egger/thumb/H3031_ST9_Олива_Кордоба_тёмная.jpg'),
(143, 1, 1, 'H3058 ST22 Венге Мали', 'images/prop/dsp/egger/H3058_ST22_Венге_Мали.jpg', 'images/prop/dsp/egger/thumb/H3058_ST22_Венге_Мали.jpg'),
(144, 1, 1, 'H3070 ST22 Урбано натур', 'images/prop/dsp/egger/H3070_ST22_Урбано_натур.jpg', 'images/prop/dsp/egger/thumb/H3070_ST22_Урбано_натур.jpg'),
(145, 1, 1, 'H3078 ST22 Гасиенда Белый', 'images/prop/dsp/egger/H3078_ST22_Гасиенда_Белый.jpg', 'images/prop/dsp/egger/thumb/H3078_ST22_Гасиенда_Белый.jpg'),
(146, 1, 1, 'H3080 ST15 Махагон универсальный', 'images/prop/dsp/egger/H3080_ST15_Махагон_универсальный.jpg', 'images/prop/dsp/egger/thumb/H3080_ST15_Махагон_универсальный.jpg'),
(147, 1, 1, 'H3081 ST22 Гасиенда чёрный', 'images/prop/dsp/egger/H3081_ST22_Гасиенда_чёрный.jpg', 'images/prop/dsp/egger/thumb/H3081_ST22_Гасиенда_чёрный.jpg'),
(148, 1, 1, 'H3114 ST9 Груша Тирано', 'images/prop/dsp/egger/H3114_ST9_Груша_Тирано.jpg', 'images/prop/dsp/egger/thumb/H3114_ST9_Груша_Тирано.jpg'),
(149, 1, 1, 'H3128 ST15 Мерано натуральный', 'images/prop/dsp/egger/H3128_ST15_Мерано_натуральный.jpg', 'images/prop/dsp/egger/thumb/H3128_ST15_Мерано_натуральный.jpg'),
(150, 1, 1, 'H3129 ST9 Мерано коричневый', 'images/prop/dsp/egger/H3129_ST9_Мерано_коричневый.jpg', 'images/prop/dsp/egger/thumb/H3129_ST9_Мерано_коричневый.jpg'),
(151, 1, 1, 'H3303 ST10 Дуб Арлингтонский натуральный', 'images/prop/dsp/egger/H3303_ST10_Дуб_Арлингтонский_натуральный.jpg', 'images/prop/dsp/egger/thumb/H3303_ST10_Дуб_Арлингтонский_натуральный.jpg'),
(152, 1, 1, 'H3304 ST9 Дуб Шато серый перламутровый', 'images/prop/dsp/egger/H3304_ST9_Дуб_Шато_серый_перламутровый.jpg', 'images/prop/dsp/egger/thumb/H3304_ST9_Дуб_Шато_серый_перламутровый.jpg'),
(153, 1, 1, 'H3306 ST9 Дуб Шато антрацит', 'images/prop/dsp/egger/H3306_ST9_Дуб_Шато_антрацит.jpg', 'images/prop/dsp/egger/thumb/H3306_ST9_Дуб_Шато_антрацит.jpg'),
(154, 1, 1, 'H3331 ST10 Дуб Небраска натуральный', 'images/prop/dsp/egger/H3331_ST10_Дуб_Небраска_натуральный.jpg', 'images/prop/dsp/egger/thumb/H3331_ST10_Дуб_Небраска_натуральный.jpg'),
(155, 1, 1, 'H3353 ST11 Дуб Кортина серый', 'images/prop/dsp/egger/H3353_ST11_Дуб_Кортина_серый.jpg', 'images/prop/dsp/egger/thumb/H3353_ST11_Дуб_Кортина_серый.jpg'),
(156, 1, 1, 'H3370 ST22 Дуб болотный коричневый', 'images/prop/dsp/egger/H3370_ST22_Дуб_болотный_коричневый.jpg', 'images/prop/dsp/egger/thumb/H3370_ST22_Дуб_болотный_коричневый.jpg'),
(157, 1, 1, 'H3387 ST11 Дуб рустикальный', 'images/prop/dsp/egger/H3387_ST11_Дуб_рустикальный.jpg', 'images/prop/dsp/egger/thumb/H3387_ST11_Дуб_рустикальный.jpg'),
(158, 1, 1, 'H3389 ST11 Дуб натуральный светлый', 'images/prop/dsp/egger/H3389_ST11_Дуб_натуральный_светлый.jpg', 'images/prop/dsp/egger/thumb/H3389_ST11_Дуб_натуральный_светлый.jpg'),
(159, 1, 1, 'H3399 ST11 Дуб кортина чёрный', 'images/prop/dsp/egger/H3399_ST11_Дуб_кортина_чёрный.jpg', 'images/prop/dsp/egger/thumb/H3399_ST11_Дуб_кортина_чёрный.jpg'),
(160, 1, 1, 'H3410 ST22 Горная лиственница', 'images/prop/dsp/egger/H3410_ST22_Горная_лиственница.jpg', 'images/prop/dsp/egger/thumb/H3410_ST22_Горная_лиственница.jpg'),
(161, 1, 1, 'H3662 ST9 Вишня Венеция натуральная', 'images/prop/dsp/egger/H3662_ST9_Вишня_Венеция_натуральная.jpg', 'images/prop/dsp/egger/thumb/H3662_ST9_Вишня_Венеция_натуральная.jpg'),
(162, 1, 1, 'H3700 ST10 Орех Пацифик натуральный', 'images/prop/dsp/egger/H3700_ST10_Орех_Пацифик_натуральный.jpg', 'images/prop/dsp/egger/thumb/H3700_ST10_Орех_Пацифик_натуральный.jpg'),
(163, 1, 1, 'H3702 ST10 Орех Пацифик табак', 'images/prop/dsp/egger/H3702_ST10_Орех_Пацифик_табак.jpg', 'images/prop/dsp/egger/thumb/H3702_ST10_Орех_Пацифик_табак.jpg'),
(164, 1, 1, 'H3704 ST15 Орех Аида табак', 'images/prop/dsp/egger/H3704_ST15_Орех_Аида_табак.jpg', 'images/prop/dsp/egger/thumb/H3704_ST15_Орех_Аида_табак.jpg'),
(165, 1, 1, 'H3734 ST9 Орех Дижон натуральный', 'images/prop/dsp/egger/H3734_ST9_Орех_Дижон_натуральный.jpg', 'images/prop/dsp/egger/thumb/H3734_ST9_Орех_Дижон_натуральный.jpg'),
(166, 1, 1, 'H3753 ST22 Лиственница Монтана кантри', 'images/prop/dsp/egger/H3753_ST22_Лиственница_Монтана_кантри.jpg', 'images/prop/dsp/egger/thumb/H3753_ST22_Лиственница_Монтана_кантри.jpg'),
(167, 1, 1, 'H3778 ST9 Орех Карибиан натуральный', 'images/prop/dsp/egger/H3778_ST9_Орех_Карибиан_натуральный.jpg', 'images/prop/dsp/egger/thumb/H3778_ST9_Орех_Карибиан_натуральный.jpg'),
(168, 1, 1, 'H3840 ST9 Клён Мандаль натуральный', 'images/prop/dsp/egger/H3840_ST9_Клён_Мандаль_натуральный.jpg', 'images/prop/dsp/egger/thumb/H3840_ST9_Клён_Мандаль_натуральный.jpg'),
(169, 1, 1, 'H3911 ST9 Бук Тауэрн натур', 'images/prop/dsp/egger/H3911_ST9_Бук_Тауэрн_натур.jpg', 'images/prop/dsp/egger/thumb/H3911_ST9_Бук_Тауэрн_натур.jpg'),
(170, 1, 1, 'U104 ST15 Алебастр', 'images/prop/dsp/egger/U104_ST15_Алебастр.jpg', 'images/prop/dsp/egger/thumb/U104_ST15_Алебастр.jpg'),
(171, 1, 1, 'U107 ST9 Жёлтый пастельный', 'images/prop/dsp/egger/U107_ST9_Жёлтый_пастельный.jpg', 'images/prop/dsp/egger/thumb/U107_ST9_Жёлтый_пастельный.jpg'),
(172, 1, 1, 'U108 ST15 Ваниль', 'images/prop/dsp/egger/U108_ST15_Ваниль.jpg', 'images/prop/dsp/egger/thumb/U108_ST15_Ваниль.jpg'),
(173, 1, 1, 'U108 ST30 Ваниль', 'images/prop/dsp/egger/U108_ST30_Ваниль.jpg', 'images/prop/dsp/egger/thumb/U108_ST30_Ваниль.jpg'),
(174, 1, 1, 'U113 ST15 Коттон', 'images/prop/dsp/egger/U113_ST15_Коттон.jpg', 'images/prop/dsp/egger/thumb/U113_ST15_Коттон.jpg'),
(175, 1, 1, 'U114 ST15 Жёлтый бриллиант', 'images/prop/dsp/egger/U114_ST15_Жёлтый_бриллиант.jpg', 'images/prop/dsp/egger/thumb/U114_ST15_Жёлтый_бриллиант.jpg'),
(176, 1, 1, 'U116 ST15 Жасмин розовый', 'images/prop/dsp/egger/U116_ST15_Жасмин_розовый.jpg', 'images/prop/dsp/egger/thumb/U116_ST15_Жасмин_розовый.jpg'),
(177, 1, 1, 'U156 ST9 Бежевый песок', 'images/prop/dsp/egger/U156_ST9_Бежевый_песок.jpg', 'images/prop/dsp/egger/thumb/U156_ST9_Бежевый_песок.jpg'),
(178, 1, 1, 'U206 ST9 Малага', 'images/prop/dsp/egger/U206_ST9_Малага.jpg', 'images/prop/dsp/egger/thumb/U206_ST9_Малага.jpg'),
(179, 1, 1, 'U212 ST15 Сливочный', 'images/prop/dsp/egger/U212_ST15_Сливочный.jpg', 'images/prop/dsp/egger/thumb/U212_ST15_Сливочный.jpg'),
(180, 1, 1, 'U311 ST15 Бургундский', 'images/prop/dsp/egger/U311_ST15_Бургундский.jpg', 'images/prop/dsp/egger/thumb/U311_ST15_Бургундский.jpg'),
(181, 1, 1, 'U311 ST30 Бургундский', 'images/prop/dsp/egger/U311_ST30_Бургундский.jpg', 'images/prop/dsp/egger/thumb/U311_ST30_Бургундский.jpg'),
(182, 1, 1, 'U321 ST15 Красный китайский', 'images/prop/dsp/egger/U321_ST15_Красный_китайский.jpg', 'images/prop/dsp/egger/thumb/U321_ST15_Красный_китайский.jpg'),
(183, 1, 1, 'U332 ST15 Оранжевый', 'images/prop/dsp/egger/U332_ST15_Оранжевый.jpg', 'images/prop/dsp/egger/thumb/U332_ST15_Оранжевый.jpg'),
(184, 1, 1, 'U539 ST9 Стальной синий', 'images/prop/dsp/egger/U539_ST9_Стальной_синий.jpg', 'images/prop/dsp/egger/thumb/U539_ST9_Стальной_синий.jpg'),
(185, 1, 1, 'U630 ST15 Зелёный лимон', 'images/prop/dsp/egger/U630_ST15_Зелёный_лимон.jpg', 'images/prop/dsp/egger/thumb/U630_ST15_Зелёный_лимон.jpg'),
(186, 1, 1, 'U708 ST15 Светло-серый', 'images/prop/dsp/egger/U708_ST15_Светло-серый.jpg', 'images/prop/dsp/egger/thumb/U708_ST15_Светло-серый.jpg'),
(187, 1, 1, 'U763 ST15 Серый перламутровый', 'images/prop/dsp/egger/U763_ST15_Серый_перламутровый.jpg', 'images/prop/dsp/egger/thumb/U763_ST15_Серый_перламутровый.jpg'),
(188, 1, 1, 'U763 ST18 Серый перламутровый', 'images/prop/dsp/egger/U763_ST18_Серый_перламутровый.jpg', 'images/prop/dsp/egger/thumb/U763_ST18_Серый_перламутровый.jpg'),
(189, 1, 1, 'U961 ST2 Чёрный графит', 'images/prop/dsp/egger/U961_ST2_Чёрный_графит.jpg', 'images/prop/dsp/egger/thumb/U961_ST2_Чёрный_графит.jpg'),
(190, 1, 1, 'U961 ST30 Чёрный графит', 'images/prop/dsp/egger/U961_ST30_Чёрный_графит.jpg', 'images/prop/dsp/egger/thumb/U961_ST30_Чёрный_графит.jpg'),
(191, 1, 1, 'U999 ST18 Чёрный', 'images/prop/dsp/egger/U999_ST18_Чёрный.jpg', 'images/prop/dsp/egger/thumb/U999_ST18_Чёрный.jpg'),
(192, 1, 1, 'U999 ST2 Чёрный', 'images/prop/dsp/egger/U999_ST2_Чёрный.jpg', 'images/prop/dsp/egger/thumb/U999_ST2_Чёрный.jpg'),
(193, 1, 1, 'U999 ST30 Чёрный', 'images/prop/dsp/egger/U999_ST30_Чёрный.jpg', 'images/prop/dsp/egger/thumb/U999_ST30_Чёрный.jpg'),
(194, 1, 1, 'W1000 ST18 Белый премиум', 'images/prop/dsp/egger/W1000_ST18_Белый_премиум.jpg', 'images/prop/dsp/egger/thumb/W1000_ST18_Белый_премиум.jpg'),
(195, 1, 1, 'W1000 ST30 Белый премиум', 'images/prop/dsp/egger/W1000_ST30_Белый_премиум.jpg', 'images/prop/dsp/egger/thumb/W1000_ST30_Белый_премиум.jpg'),
(196, 1, 1, 'W1000 ST9 Белый премиум', 'images/prop/dsp/egger/W1000_ST9_Белый_премиум.jpg', 'images/prop/dsp/egger/thumb/W1000_ST9_Белый_премиум.jpg'),
(197, 1, 1, 'W908 SM Белый базовый', 'images/prop/dsp/egger/W908_SM_Белый_базовый.jpg', 'images/prop/dsp/egger/thumb/W908_SM_Белый_базовый.jpg'),
(198, 1, 1, 'W908 ST2 Белый базовый', 'images/prop/dsp/egger/W908_ST2_Белый_базовый.jpg', 'images/prop/dsp/egger/thumb/W908_ST2_Белый_базовый.jpg'),
(199, 1, 1, 'W980 SM Платиновый белый', 'images/prop/dsp/egger/W980_SM_Платиновый_белый.jpg', 'images/prop/dsp/egger/thumb/W980_SM_Платиновый_белый.jpg'),
(200, 1, 1, 'W980 ST2 Платиновый белый', 'images/prop/dsp/egger/W980_ST2_Платиновый_белый.jpg', 'images/prop/dsp/egger/thumb/W980_ST2_Платиновый_белый.jpg'),
(301, 9, 1, 'F501 ST2 Титан', 'images/prop/dsp/egger/F501_ST2_Титан.jpg', 'images/prop/dsp/egger/thumb/F501_ST2_Титан.jpg'),
(302, 9, 1, 'F509 ST2 Алюминий', 'images/prop/dsp/egger/F509_ST2_Алюминий.jpg', 'images/prop/dsp/egger/thumb/F509_ST2_Алюминий.jpg'),
(303, 9, 1, 'F583 ST22 Фино бронза', 'images/prop/dsp/egger/F583_ST22_Фино_бронза.jpg', 'images/prop/dsp/egger/thumb/F583_ST22_Фино_бронза.jpg'),
(304, 9, 1, 'F584 ST22 Фино корица', 'images/prop/dsp/egger/F584_ST22_Фино_корица.jpg', 'images/prop/dsp/egger/thumb/F584_ST22_Фино_корица.jpg'),
(305, 9, 1, 'H1111 ST30 Снейквуд', 'images/prop/dsp/egger/H1111_ST30_Снейквуд.jpg', 'images/prop/dsp/egger/thumb/H1111_ST30_Снейквуд.jpg'),
(306, 9, 1, 'H1129 ST15 Дымчатый дуб', 'images/prop/dsp/egger/H1129_ST15_Дымчатый_дуб.jpg', 'images/prop/dsp/egger/thumb/H1129_ST15_Дымчатый_дуб.jpg'),
(307, 9, 1, 'H1137 ST11 Дуб Феррара чёрно-коричневый', 'images/prop/dsp/egger/H1137_ST11_Дуб_Феррара_чёрно-коричневый.jpg', 'images/prop/dsp/egger/thumb/H1137_ST11_Дуб_Феррара_чёрно-коричневый.jpg'),
(308, 9, 1, 'H1145 ST10 Дуб Бардолино натуральный', 'images/prop/dsp/egger/H1145_ST10_Дуб_Бардолино_натуральный.jpg', 'images/prop/dsp/egger/thumb/H1145_ST10_Дуб_Бардолино_натуральный.jpg'),
(309, 9, 1, 'H1146 ST10 Дуб Бардолино серый', 'images/prop/dsp/egger/H1146_ST10_Дуб_Бардолино_серый.jpg', 'images/prop/dsp/egger/thumb/H1146_ST10_Дуб_Бардолино_серый.jpg'),
(310, 9, 1, 'H1151 ST10 Дуб Аутентик коричневый', 'images/prop/dsp/egger/H1151_ST10_Дуб_Аутентик_коричневый.jpg', 'images/prop/dsp/egger/thumb/H1151_ST10_Дуб_Аутентик_коричневый.jpg'),
(311, 9, 1, 'H1215 ST22 Ясень Кассино коричневый', 'images/prop/dsp/egger/H1215_ST22_Ясень_Кассино_коричневый.jpg', 'images/prop/dsp/egger/thumb/H1215_ST22_Ясень_Кассино_коричневый.jpg'),
(312, 9, 1, 'H1267 ST22 Ясень молина песочный', 'images/prop/dsp/egger/H1267_ST22_Ясень_молина_песочный.jpg', 'images/prop/dsp/egger/thumb/H1267_ST22_Ясень_молина_песочный.jpg'),
(313, 9, 1, 'H1277 ST9 Акация Лэйклэнд светлая', 'images/prop/dsp/egger/H1277_ST9_Акация_Лэйклэнд_светлая.jpg', 'images/prop/dsp/egger/thumb/H1277_ST9_Акация_Лэйклэнд_светлая.jpg'),
(314, 9, 1, 'H1298 ST22 Ясень Лион песочный', 'images/prop/dsp/egger/H1298_ST22_Ясень_Лион_песочный.jpg', 'images/prop/dsp/egger/thumb/H1298_ST22_Ясень_Лион_песочный.jpg'),
(315, 9, 1, 'H1334 ST9 Дуб Феррара светлый', 'images/prop/dsp/egger/H1334_ST9_Дуб_Феррара_светлый.jpg', 'images/prop/dsp/egger/thumb/H1334_ST9_Дуб_Феррара_светлый.jpg'),
(316, 9, 1, 'H1372 ST22 Дуб Арагон натуральный', 'images/prop/dsp/egger/H1372_ST22_Дуб_Арагон_натуральный.jpg', 'images/prop/dsp/egger/thumb/H1372_ST22_Дуб_Арагон_натуральный.jpg'),
(317, 9, 1, 'H1394 ST9 Дуб Кремона песочный', 'images/prop/dsp/egger/H1394_ST9_Дуб_Кремона_песочный.jpg', 'images/prop/dsp/egger/thumb/H1394_ST9_Дуб_Кремона_песочный.jpg'),
(318, 9, 1, 'H1424 ST22 Вудлайн кремовый', 'images/prop/dsp/egger/H1424_ST22_Вудлайн_кремовый.jpg', 'images/prop/dsp/egger/thumb/H1424_ST22_Вудлайн_кремовый.jpg'),
(319, 9, 1, 'H1428 ST22 Вудлайн мокко', 'images/prop/dsp/egger/H1428_ST22_Вудлайн_мокко.jpg', 'images/prop/dsp/egger/thumb/H1428_ST22_Вудлайн_мокко.jpg'),
(320, 9, 1, 'H1476 ST22 Сосна Авола шампань', 'images/prop/dsp/egger/H1476_ST22_Сосна_Авола_шампань.jpg', 'images/prop/dsp/egger/thumb/H1476_ST22_Сосна_Авола_шампань.jpg'),
(321, 9, 1, 'H1484 ST22 Сосна Авола коричневая', 'images/prop/dsp/egger/H1484_ST22_Сосна_Авола_коричневая.jpg', 'images/prop/dsp/egger/thumb/H1484_ST22_Сосна_Авола_коричневая.jpg'),
(322, 9, 1, 'H1502 ST15 Ольха', 'images/prop/dsp/egger/H1502_ST15_Ольха.jpg', 'images/prop/dsp/egger/thumb/H1502_ST15_Ольха.jpg'),
(323, 9, 1, 'H1511 ST15 Бук Бавария', 'images/prop/dsp/egger/H1511_ST15_Бук_Бавария.jpg', 'images/prop/dsp/egger/thumb/H1511_ST15_Бук_Бавария.jpg'),
(324, 9, 1, 'H1521 ST15 Клён медовый', 'images/prop/dsp/egger/H1521_ST15_Клён_медовый.jpg', 'images/prop/dsp/egger/thumb/H1521_ST15_Клён_медовый.jpg'),
(325, 9, 1, 'H1555 ST15 Венге', 'images/prop/dsp/egger/H1555_ST15_Венге.jpg', 'images/prop/dsp/egger/thumb/H1555_ST15_Венге.jpg'),
(326, 9, 1, 'H1582 ST15 Бук Эльмау', 'images/prop/dsp/egger/H1582_ST15_Бук_Эльмау.jpg', 'images/prop/dsp/egger/thumb/H1582_ST15_Бук_Эльмау.jpg'),
(327, 9, 1, 'H1586 ST15 Бук дымчатый', 'images/prop/dsp/egger/H1586_ST15_Бук_дымчатый.jpg', 'images/prop/dsp/egger/thumb/H1586_ST15_Бук_дымчатый.jpg'),
(328, 9, 1, 'H1599 ST15 Бук Тироль шоколадный', 'images/prop/dsp/egger/H1599_ST15_Бук_Тироль_шоколадный.jpg', 'images/prop/dsp/egger/thumb/H1599_ST15_Бук_Тироль_шоколадный.jpg'),
(329, 9, 1, 'H1615 ST9 Вишня Романа', 'images/prop/dsp/egger/H1615_ST9_Вишня_Романа.jpg', 'images/prop/dsp/egger/thumb/H1615_ST9_Вишня_Романа.jpg'),
(330, 9, 1, 'H1698 ST15 Вишня Ломбардо натуральная', 'images/prop/dsp/egger/H1698_ST15_Вишня_Ломбардо_натуральная.jpg', 'images/prop/dsp/egger/thumb/H1698_ST15_Вишня_Ломбардо_натуральная.jpg'),
(331, 9, 1, 'H1706 ST15 Вишня', 'images/prop/dsp/egger/H1706_ST15_Вишня.jpg', 'images/prop/dsp/egger/thumb/H1706_ST15_Вишня.jpg'),
(332, 9, 1, 'H1709 ST15 Французкий орех', 'images/prop/dsp/egger/H1709_ST15_Французкий_орех.jpg', 'images/prop/dsp/egger/thumb/H1709_ST15_Французкий_орех.jpg'),
(333, 9, 1, 'H1733 ST9 Берёза Майнау', 'images/prop/dsp/egger/H1733_ST9_Берёза_Майнау.jpg', 'images/prop/dsp/egger/thumb/H1733_ST9_Берёза_Майнау.jpg'),
(334, 9, 1, 'H1950 ST15 Кальвадос натуральный', 'images/prop/dsp/egger/H1950_ST15_Кальвадос_натуральный.jpg', 'images/prop/dsp/egger/thumb/H1950_ST15_Кальвадос_натуральный.jpg'),
(335, 9, 1, 'H1951 ST15 Кальвадос красно-коричневый', 'images/prop/dsp/egger/H1951_ST15_Кальвадос_красно-коричневый.jpg', 'images/prop/dsp/egger/thumb/H1951_ST15_Кальвадос_красно-коричневый.jpg'),
(336, 9, 1, 'H3005 ST22 Зебрано серо-бежевый', 'images/prop/dsp/egger/H3005_ST22_Зебрано_серо-бежевый.jpg', 'images/prop/dsp/egger/thumb/H3005_ST22_Зебрано_серо-бежевый.jpg'),
(337, 9, 1, 'H3006 ST22 Зебрано песочный', 'images/prop/dsp/egger/H3006_ST22_Зебрано_песочный.jpg', 'images/prop/dsp/egger/thumb/H3006_ST22_Зебрано_песочный.jpg'),
(338, 9, 1, 'H3012 ST22 Кокоболо натуральный', 'images/prop/dsp/egger/H3012_ST22_Кокоболо_натуральный.jpg', 'images/prop/dsp/egger/thumb/H3012_ST22_Кокоболо_натуральный.jpg'),
(339, 9, 1, 'H3025 ST15 Макасар', 'images/prop/dsp/egger/H3025_ST15_Макасар.jpg', 'images/prop/dsp/egger/thumb/H3025_ST15_Макасар.jpg'),
(340, 9, 1, 'H3025 ST30 Макасар', 'images/prop/dsp/egger/H3025_ST30_Макасар.jpg', 'images/prop/dsp/egger/thumb/H3025_ST30_Макасар.jpg'),
(341, 9, 1, 'H3030 ST9 Олива Кордоба светлая', 'images/prop/dsp/egger/H3030_ST9_Олива_Кордоба_светлая.jpg', 'images/prop/dsp/egger/thumb/H3030_ST9_Олива_Кордоба_светлая.jpg'),
(342, 9, 1, 'H3031 ST9 Олива Кордоба тёмная', 'images/prop/dsp/egger/H3031_ST9_Олива_Кордоба_тёмная.jpg', 'images/prop/dsp/egger/thumb/H3031_ST9_Олива_Кордоба_тёмная.jpg'),
(343, 9, 1, 'H3058 ST22 Венге Мали', 'images/prop/dsp/egger/H3058_ST22_Венге_Мали.jpg', 'images/prop/dsp/egger/thumb/H3058_ST22_Венге_Мали.jpg'),
(344, 9, 1, 'H3070 ST22 Урбано натур', 'images/prop/dsp/egger/H3070_ST22_Урбано_натур.jpg', 'images/prop/dsp/egger/thumb/H3070_ST22_Урбано_натур.jpg'),
(345, 9, 1, 'H3078 ST22 Гасиенда Белый', 'images/prop/dsp/egger/H3078_ST22_Гасиенда_Белый.jpg', 'images/prop/dsp/egger/thumb/H3078_ST22_Гасиенда_Белый.jpg'),
(346, 9, 1, 'H3080 ST15 Махагон универсальный', 'images/prop/dsp/egger/H3080_ST15_Махагон_универсальный.jpg', 'images/prop/dsp/egger/thumb/H3080_ST15_Махагон_универсальный.jpg'),
(347, 9, 1, 'H3081 ST22 Гасиенда чёрный', 'images/prop/dsp/egger/H3081_ST22_Гасиенда_чёрный.jpg', 'images/prop/dsp/egger/thumb/H3081_ST22_Гасиенда_чёрный.jpg'),
(348, 9, 1, 'H3114 ST9 Груша Тирано', 'images/prop/dsp/egger/H3114_ST9_Груша_Тирано.jpg', 'images/prop/dsp/egger/thumb/H3114_ST9_Груша_Тирано.jpg'),
(349, 9, 1, 'H3128 ST15 Мерано натуральный', 'images/prop/dsp/egger/H3128_ST15_Мерано_натуральный.jpg', 'images/prop/dsp/egger/thumb/H3128_ST15_Мерано_натуральный.jpg'),
(350, 9, 1, 'H3129 ST9 Мерано коричневый', 'images/prop/dsp/egger/H3129_ST9_Мерано_коричневый.jpg', 'images/prop/dsp/egger/thumb/H3129_ST9_Мерано_коричневый.jpg'),
(351, 9, 1, 'H3303 ST10 Дуб Арлингтонский натуральный', 'images/prop/dsp/egger/H3303_ST10_Дуб_Арлингтонский_натуральный.jpg', 'images/prop/dsp/egger/thumb/H3303_ST10_Дуб_Арлингтонский_натуральный.jpg'),
(352, 9, 1, 'H3304 ST9 Дуб Шато серый перламутровый', 'images/prop/dsp/egger/H3304_ST9_Дуб_Шато_серый_перламутровый.jpg', 'images/prop/dsp/egger/thumb/H3304_ST9_Дуб_Шато_серый_перламутровый.jpg'),
(353, 9, 1, 'H3306 ST9 Дуб Шато антрацит', 'images/prop/dsp/egger/H3306_ST9_Дуб_Шато_антрацит.jpg', 'images/prop/dsp/egger/thumb/H3306_ST9_Дуб_Шато_антрацит.jpg'),
(354, 9, 1, 'H3331 ST10 Дуб Небраска натуральный', 'images/prop/dsp/egger/H3331_ST10_Дуб_Небраска_натуральный.jpg', 'images/prop/dsp/egger/thumb/H3331_ST10_Дуб_Небраска_натуральный.jpg'),
(355, 9, 1, 'H3353 ST11 Дуб Кортина серый', 'images/prop/dsp/egger/H3353_ST11_Дуб_Кортина_серый.jpg', 'images/prop/dsp/egger/thumb/H3353_ST11_Дуб_Кортина_серый.jpg'),
(356, 9, 1, 'H3370 ST22 Дуб болотный коричневый', 'images/prop/dsp/egger/H3370_ST22_Дуб_болотный_коричневый.jpg', 'images/prop/dsp/egger/thumb/H3370_ST22_Дуб_болотный_коричневый.jpg'),
(357, 9, 1, 'H3387 ST11 Дуб рустикальный', 'images/prop/dsp/egger/H3387_ST11_Дуб_рустикальный.jpg', 'images/prop/dsp/egger/thumb/H3387_ST11_Дуб_рустикальный.jpg'),
(358, 9, 1, 'H3389 ST11 Дуб натуральный светлый', 'images/prop/dsp/egger/H3389_ST11_Дуб_натуральный_светлый.jpg', 'images/prop/dsp/egger/thumb/H3389_ST11_Дуб_натуральный_светлый.jpg'),
(359, 9, 1, 'H3399 ST11 Дуб кортина чёрный', 'images/prop/dsp/egger/H3399_ST11_Дуб_кортина_чёрный.jpg', 'images/prop/dsp/egger/thumb/H3399_ST11_Дуб_кортина_чёрный.jpg'),
(360, 9, 1, 'H3410 ST22 Горная лиственница', 'images/prop/dsp/egger/H3410_ST22_Горная_лиственница.jpg', 'images/prop/dsp/egger/thumb/H3410_ST22_Горная_лиственница.jpg'),
(361, 9, 1, 'H3662 ST9 Вишня Венеция натуральная', 'images/prop/dsp/egger/H3662_ST9_Вишня_Венеция_натуральная.jpg', 'images/prop/dsp/egger/thumb/H3662_ST9_Вишня_Венеция_натуральная.jpg'),
(362, 9, 1, 'H3700 ST10 Орех Пацифик натуральный', 'images/prop/dsp/egger/H3700_ST10_Орех_Пацифик_натуральный.jpg', 'images/prop/dsp/egger/thumb/H3700_ST10_Орех_Пацифик_натуральный.jpg'),
(363, 9, 1, 'H3702 ST10 Орех Пацифик табак', 'images/prop/dsp/egger/H3702_ST10_Орех_Пацифик_табак.jpg', 'images/prop/dsp/egger/thumb/H3702_ST10_Орех_Пацифик_табак.jpg'),
(364, 9, 1, 'H3704 ST15 Орех Аида табак', 'images/prop/dsp/egger/H3704_ST15_Орех_Аида_табак.jpg', 'images/prop/dsp/egger/thumb/H3704_ST15_Орех_Аида_табак.jpg'),
(365, 9, 1, 'H3734 ST9 Орех Дижон натуральный', 'images/prop/dsp/egger/H3734_ST9_Орех_Дижон_натуральный.jpg', 'images/prop/dsp/egger/thumb/H3734_ST9_Орех_Дижон_натуральный.jpg'),
(366, 9, 1, 'H3753 ST22 Лиственница Монтана кантри', 'images/prop/dsp/egger/H3753_ST22_Лиственница_Монтана_кантри.jpg', 'images/prop/dsp/egger/thumb/H3753_ST22_Лиственница_Монтана_кантри.jpg'),
(367, 9, 1, 'H3778 ST9 Орех Карибиан натуральный', 'images/prop/dsp/egger/H3778_ST9_Орех_Карибиан_натуральный.jpg', 'images/prop/dsp/egger/thumb/H3778_ST9_Орех_Карибиан_натуральный.jpg'),
(368, 9, 1, 'H3840 ST9 Клён Мандаль натуральный', 'images/prop/dsp/egger/H3840_ST9_Клён_Мандаль_натуральный.jpg', 'images/prop/dsp/egger/thumb/H3840_ST9_Клён_Мандаль_натуральный.jpg'),
(369, 9, 1, 'H3911 ST9 Бук Тауэрн натур', 'images/prop/dsp/egger/H3911_ST9_Бук_Тауэрн_натур.jpg', 'images/prop/dsp/egger/thumb/H3911_ST9_Бук_Тауэрн_натур.jpg'),
(370, 9, 1, 'U104 ST15 Алебастр', 'images/prop/dsp/egger/U104_ST15_Алебастр.jpg', 'images/prop/dsp/egger/thumb/U104_ST15_Алебастр.jpg'),
(371, 9, 1, 'U107 ST9 Жёлтый пастельный', 'images/prop/dsp/egger/U107_ST9_Жёлтый_пастельный.jpg', 'images/prop/dsp/egger/thumb/U107_ST9_Жёлтый_пастельный.jpg'),
(372, 9, 1, 'U108 ST15 Ваниль', 'images/prop/dsp/egger/U108_ST15_Ваниль.jpg', 'images/prop/dsp/egger/thumb/U108_ST15_Ваниль.jpg'),
(373, 9, 1, 'U108 ST30 Ваниль', 'images/prop/dsp/egger/U108_ST30_Ваниль.jpg', 'images/prop/dsp/egger/thumb/U108_ST30_Ваниль.jpg'),
(374, 9, 1, 'U113 ST15 Коттон', 'images/prop/dsp/egger/U113_ST15_Коттон.jpg', 'images/prop/dsp/egger/thumb/U113_ST15_Коттон.jpg'),
(375, 9, 1, 'U114 ST15 Жёлтый бриллиант', 'images/prop/dsp/egger/U114_ST15_Жёлтый_бриллиант.jpg', 'images/prop/dsp/egger/thumb/U114_ST15_Жёлтый_бриллиант.jpg'),
(376, 9, 1, 'U116 ST15 Жасмин розовый', 'images/prop/dsp/egger/U116_ST15_Жасмин_розовый.jpg', 'images/prop/dsp/egger/thumb/U116_ST15_Жасмин_розовый.jpg'),
(377, 9, 1, 'U156 ST9 Бежевый песок', 'images/prop/dsp/egger/U156_ST9_Бежевый_песок.jpg', 'images/prop/dsp/egger/thumb/U156_ST9_Бежевый_песок.jpg'),
(378, 9, 1, 'U206 ST9 Малага', 'images/prop/dsp/egger/U206_ST9_Малага.jpg', 'images/prop/dsp/egger/thumb/U206_ST9_Малага.jpg'),
(379, 9, 1, 'U212 ST15 Сливочный', 'images/prop/dsp/egger/U212_ST15_Сливочный.jpg', 'images/prop/dsp/egger/thumb/U212_ST15_Сливочный.jpg'),
(380, 9, 1, 'U311 ST15 Бургундский', 'images/prop/dsp/egger/U311_ST15_Бургундский.jpg', 'images/prop/dsp/egger/thumb/U311_ST15_Бургундский.jpg'),
(381, 9, 1, 'U311 ST30 Бургундский', 'images/prop/dsp/egger/U311_ST30_Бургундский.jpg', 'images/prop/dsp/egger/thumb/U311_ST30_Бургундский.jpg'),
(382, 9, 1, 'U321 ST15 Красный китайский', 'images/prop/dsp/egger/U321_ST15_Красный_китайский.jpg', 'images/prop/dsp/egger/thumb/U321_ST15_Красный_китайский.jpg'),
(383, 9, 1, 'U332 ST15 Оранжевый', 'images/prop/dsp/egger/U332_ST15_Оранжевый.jpg', 'images/prop/dsp/egger/thumb/U332_ST15_Оранжевый.jpg'),
(384, 9, 1, 'U539 ST9 Стальной синий', 'images/prop/dsp/egger/U539_ST9_Стальной_синий.jpg', 'images/prop/dsp/egger/thumb/U539_ST9_Стальной_синий.jpg'),
(385, 9, 1, 'U630 ST15 Зелёный лимон', 'images/prop/dsp/egger/U630_ST15_Зелёный_лимон.jpg', 'images/prop/dsp/egger/thumb/U630_ST15_Зелёный_лимон.jpg'),
(386, 9, 1, 'U708 ST15 Светло-серый', 'images/prop/dsp/egger/U708_ST15_Светло-серый.jpg', 'images/prop/dsp/egger/thumb/U708_ST15_Светло-серый.jpg'),
(387, 9, 1, 'U763 ST15 Серый перламутровый', 'images/prop/dsp/egger/U763_ST15_Серый_перламутровый.jpg', 'images/prop/dsp/egger/thumb/U763_ST15_Серый_перламутровый.jpg'),
(388, 9, 1, 'U763 ST18 Серый перламутровый', 'images/prop/dsp/egger/U763_ST18_Серый_перламутровый.jpg', 'images/prop/dsp/egger/thumb/U763_ST18_Серый_перламутровый.jpg'),
(389, 9, 1, 'U961 ST2 Чёрный графит', 'images/prop/dsp/egger/U961_ST2_Чёрный_графит.jpg', 'images/prop/dsp/egger/thumb/U961_ST2_Чёрный_графит.jpg'),
(390, 9, 1, 'U961 ST30 Чёрный графит', 'images/prop/dsp/egger/U961_ST30_Чёрный_графит.jpg', 'images/prop/dsp/egger/thumb/U961_ST30_Чёрный_графит.jpg'),
(391, 9, 1, 'U999 ST18 Чёрный', 'images/prop/dsp/egger/U999_ST18_Чёрный.jpg', 'images/prop/dsp/egger/thumb/U999_ST18_Чёрный.jpg'),
(392, 9, 1, 'U999 ST2 Чёрный', 'images/prop/dsp/egger/U999_ST2_Чёрный.jpg', 'images/prop/dsp/egger/thumb/U999_ST2_Чёрный.jpg'),
(393, 9, 1, 'U999 ST30 Чёрный', 'images/prop/dsp/egger/U999_ST30_Чёрный.jpg', 'images/prop/dsp/egger/thumb/U999_ST30_Чёрный.jpg'),
(394, 9, 1, 'W1000 ST18 Белый премиум', 'images/prop/dsp/egger/W1000_ST18_Белый_премиум.jpg', 'images/prop/dsp/egger/thumb/W1000_ST18_Белый_премиум.jpg'),
(395, 9, 1, 'W1000 ST30 Белый премиум', 'images/prop/dsp/egger/W1000_ST30_Белый_премиум.jpg', 'images/prop/dsp/egger/thumb/W1000_ST30_Белый_премиум.jpg'),
(396, 9, 1, 'W1000 ST9 Белый премиум', 'images/prop/dsp/egger/W1000_ST9_Белый_премиум.jpg', 'images/prop/dsp/egger/thumb/W1000_ST9_Белый_премиум.jpg'),
(397, 9, 1, 'W908 SM Белый базовый', 'images/prop/dsp/egger/W908_SM_Белый_базовый.jpg', 'images/prop/dsp/egger/thumb/W908_SM_Белый_базовый.jpg'),
(398, 9, 1, 'W908 ST2 Белый базовый', 'images/prop/dsp/egger/W908_ST2_Белый_базовый.jpg', 'images/prop/dsp/egger/thumb/W908_ST2_Белый_базовый.jpg'),
(399, 9, 1, 'W980 SM Платиновый белый', 'images/prop/dsp/egger/W980_SM_Платиновый_белый.jpg', 'images/prop/dsp/egger/thumb/W980_SM_Платиновый_белый.jpg'),
(400, 9, 1, 'W980 ST2 Платиновый белый', 'images/prop/dsp/egger/W980_ST2_Платиновый_белый.jpg', 'images/prop/dsp/egger/thumb/W980_ST2_Платиновый_белый.jpg'),
(1092, 2, 2, 'Ral 1000', 'images/prop/ral/Ral_1000.jpg', 'images/prop/ral/thumb/Ral_1000.jpg'),
(1093, 2, 2, 'Ral 1001', 'images/prop/ral/Ral_1001.jpg', 'images/prop/ral/thumb/Ral_1001.jpg'),
(1094, 2, 2, 'Ral 1002', 'images/prop/ral/Ral_1002.jpg', 'images/prop/ral/thumb/Ral_1002.jpg'),
(1095, 2, 2, 'Ral 1003', 'images/prop/ral/Ral_1003.jpg', 'images/prop/ral/thumb/Ral_1003.jpg'),
(1096, 2, 2, 'Ral 1004', 'images/prop/ral/Ral_1004.jpg', 'images/prop/ral/thumb/Ral_1004.jpg'),
(1097, 2, 2, 'Ral 1005', 'images/prop/ral/Ral_1005.jpg', 'images/prop/ral/thumb/Ral_1005.jpg'),
(1098, 2, 2, 'Ral 1006', 'images/prop/ral/Ral_1006.jpg', 'images/prop/ral/thumb/Ral_1006.jpg'),
(1099, 2, 2, 'Ral 1007', 'images/prop/ral/Ral_1007.jpg', 'images/prop/ral/thumb/Ral_1007.jpg'),
(1100, 2, 2, 'Ral 1011', 'images/prop/ral/Ral_1011.jpg', 'images/prop/ral/thumb/Ral_1011.jpg'),
(1101, 2, 2, 'Ral 1012', 'images/prop/ral/Ral_1012.jpg', 'images/prop/ral/thumb/Ral_1012.jpg'),
(1102, 2, 2, 'Ral 1013', 'images/prop/ral/Ral_1013.jpg', 'images/prop/ral/thumb/Ral_1013.jpg'),
(1103, 2, 2, 'Ral 1014', 'images/prop/ral/Ral_1014.jpg', 'images/prop/ral/thumb/Ral_1014.jpg'),
(1104, 2, 2, 'Ral 1015', 'images/prop/ral/Ral_1015.jpg', 'images/prop/ral/thumb/Ral_1015.jpg'),
(1105, 2, 2, 'Ral 1016', 'images/prop/ral/Ral_1016.jpg', 'images/prop/ral/thumb/Ral_1016.jpg'),
(1106, 2, 2, 'Ral 1017', 'images/prop/ral/Ral_1017.jpg', 'images/prop/ral/thumb/Ral_1017.jpg'),
(1107, 2, 2, 'Ral 1018', 'images/prop/ral/Ral_1018.jpg', 'images/prop/ral/thumb/Ral_1018.jpg'),
(1108, 2, 2, 'Ral 1019', 'images/prop/ral/Ral_1019.jpg', 'images/prop/ral/thumb/Ral_1019.jpg'),
(1109, 2, 2, 'Ral 1020', 'images/prop/ral/Ral_1020.jpg', 'images/prop/ral/thumb/Ral_1020.jpg'),
(1110, 2, 2, 'Ral 1021', 'images/prop/ral/Ral_1021.jpg', 'images/prop/ral/thumb/Ral_1021.jpg'),
(1111, 2, 2, 'Ral 1023', 'images/prop/ral/Ral_1023.jpg', 'images/prop/ral/thumb/Ral_1023.jpg'),
(1112, 2, 2, 'Ral 1024', 'images/prop/ral/Ral_1024.jpg', 'images/prop/ral/thumb/Ral_1024.jpg'),
(1113, 2, 2, 'Ral 1026', 'images/prop/ral/Ral_1026.jpg', 'images/prop/ral/thumb/Ral_1026.jpg'),
(1114, 2, 2, 'Ral 1027', 'images/prop/ral/Ral_1027.jpg', 'images/prop/ral/thumb/Ral_1027.jpg'),
(1115, 2, 2, 'Ral 1028', 'images/prop/ral/Ral_1028.jpg', 'images/prop/ral/thumb/Ral_1028.jpg'),
(1116, 2, 2, 'Ral 1032', 'images/prop/ral/Ral_1032.jpg', 'images/prop/ral/thumb/Ral_1032.jpg'),
(1117, 2, 2, 'Ral 1033', 'images/prop/ral/Ral_1033.jpg', 'images/prop/ral/thumb/Ral_1033.jpg'),
(1118, 2, 2, 'Ral 1034', 'images/prop/ral/Ral_1034.jpg', 'images/prop/ral/thumb/Ral_1034.jpg'),
(1119, 2, 2, 'Ral 1035', 'images/prop/ral/Ral_1035.jpg', 'images/prop/ral/thumb/Ral_1035.jpg'),
(1120, 2, 2, 'Ral 1036', 'images/prop/ral/Ral_1036.jpg', 'images/prop/ral/thumb/Ral_1036.jpg'),
(1121, 2, 2, 'Ral 1037', 'images/prop/ral/Ral_1037.jpg', 'images/prop/ral/thumb/Ral_1037.jpg'),
(1122, 2, 2, 'Ral 2000', 'images/prop/ral/Ral_2000.jpg', 'images/prop/ral/thumb/Ral_2000.jpg'),
(1123, 2, 2, 'Ral 2001', 'images/prop/ral/Ral_2001.jpg', 'images/prop/ral/thumb/Ral_2001.jpg'),
(1124, 2, 2, 'Ral 2002', 'images/prop/ral/Ral_2002.jpg', 'images/prop/ral/thumb/Ral_2002.jpg'),
(1125, 2, 2, 'Ral 2003', 'images/prop/ral/Ral_2003.jpg', 'images/prop/ral/thumb/Ral_2003.jpg'),
(1126, 2, 2, 'Ral 2004', 'images/prop/ral/Ral_2004.jpg', 'images/prop/ral/thumb/Ral_2004.jpg'),
(1127, 2, 2, 'Ral 2005', 'images/prop/ral/Ral_2005.jpg', 'images/prop/ral/thumb/Ral_2005.jpg'),
(1128, 2, 2, 'Ral 2007', 'images/prop/ral/Ral_2007.jpg', 'images/prop/ral/thumb/Ral_2007.jpg'),
(1129, 2, 2, 'Ral 2008', 'images/prop/ral/Ral_2008.jpg', 'images/prop/ral/thumb/Ral_2008.jpg'),
(1130, 2, 2, 'Ral 2009', 'images/prop/ral/Ral_2009.jpg', 'images/prop/ral/thumb/Ral_2009.jpg'),
(1131, 2, 2, 'Ral 2010', 'images/prop/ral/Ral_2010.jpg', 'images/prop/ral/thumb/Ral_2010.jpg'),
(1132, 2, 2, 'Ral 2011', 'images/prop/ral/Ral_2011.jpg', 'images/prop/ral/thumb/Ral_2011.jpg'),
(1133, 2, 2, 'Ral 2012', 'images/prop/ral/Ral_2012.jpg', 'images/prop/ral/thumb/Ral_2012.jpg'),
(1134, 2, 2, 'Ral 2013', 'images/prop/ral/Ral_2013.jpg', 'images/prop/ral/thumb/Ral_2013.jpg'),
(1135, 2, 2, 'Ral 3000', 'images/prop/ral/Ral_3000.jpg', 'images/prop/ral/thumb/Ral_3000.jpg'),
(1136, 2, 2, 'Ral 3001', 'images/prop/ral/Ral_3001.jpg', 'images/prop/ral/thumb/Ral_3001.jpg'),
(1137, 2, 2, 'Ral 3002', 'images/prop/ral/Ral_3002.jpg', 'images/prop/ral/thumb/Ral_3002.jpg'),
(1138, 2, 2, 'Ral 3003', 'images/prop/ral/Ral_3003.jpg', 'images/prop/ral/thumb/Ral_3003.jpg'),
(1139, 2, 2, 'Ral 3004', 'images/prop/ral/Ral_3004.jpg', 'images/prop/ral/thumb/Ral_3004.jpg'),
(1140, 2, 2, 'Ral 3005', 'images/prop/ral/Ral_3005.jpg', 'images/prop/ral/thumb/Ral_3005.jpg'),
(1141, 2, 2, 'Ral 3007', 'images/prop/ral/Ral_3007.jpg', 'images/prop/ral/thumb/Ral_3007.jpg'),
(1142, 2, 2, 'Ral 3009', 'images/prop/ral/Ral_3009.jpg', 'images/prop/ral/thumb/Ral_3009.jpg'),
(1143, 2, 2, 'Ral 3011', 'images/prop/ral/Ral_3011.jpg', 'images/prop/ral/thumb/Ral_3011.jpg'),
(1144, 2, 2, 'Ral 3012', 'images/prop/ral/Ral_3012.jpg', 'images/prop/ral/thumb/Ral_3012.jpg'),
(1145, 2, 2, 'Ral 3013', 'images/prop/ral/Ral_3013.jpg', 'images/prop/ral/thumb/Ral_3013.jpg'),
(1146, 2, 2, 'Ral 3014', 'images/prop/ral/Ral_3014.jpg', 'images/prop/ral/thumb/Ral_3014.jpg'),
(1147, 2, 2, 'Ral 3015', 'images/prop/ral/Ral_3015.jpg', 'images/prop/ral/thumb/Ral_3015.jpg'),
(1148, 2, 2, 'Ral 3016', 'images/prop/ral/Ral_3016.jpg', 'images/prop/ral/thumb/Ral_3016.jpg'),
(1149, 2, 2, 'Ral 3017', 'images/prop/ral/Ral_3017.jpg', 'images/prop/ral/thumb/Ral_3017.jpg'),
(1150, 2, 2, 'Ral 3018', 'images/prop/ral/Ral_3018.jpg', 'images/prop/ral/thumb/Ral_3018.jpg'),
(1151, 2, 2, 'Ral 3020', 'images/prop/ral/Ral_3020.jpg', 'images/prop/ral/thumb/Ral_3020.jpg'),
(1152, 2, 2, 'Ral 3022', 'images/prop/ral/Ral_3022.jpg', 'images/prop/ral/thumb/Ral_3022.jpg'),
(1153, 2, 2, 'Ral 3024', 'images/prop/ral/Ral_3024.jpg', 'images/prop/ral/thumb/Ral_3024.jpg'),
(1154, 2, 2, 'Ral 3026', 'images/prop/ral/Ral_3026.jpg', 'images/prop/ral/thumb/Ral_3026.jpg'),
(1155, 2, 2, 'Ral 3027', 'images/prop/ral/Ral_3027.jpg', 'images/prop/ral/thumb/Ral_3027.jpg'),
(1156, 2, 2, 'Ral 3031', 'images/prop/ral/Ral_3031.jpg', 'images/prop/ral/thumb/Ral_3031.jpg'),
(1157, 2, 2, 'Ral 3032', 'images/prop/ral/Ral_3032.jpg', 'images/prop/ral/thumb/Ral_3032.jpg'),
(1158, 2, 2, 'Ral 3033', 'images/prop/ral/Ral_3033.jpg', 'images/prop/ral/thumb/Ral_3033.jpg'),
(1159, 2, 2, 'Ral 4001', 'images/prop/ral/Ral_4001.jpg', 'images/prop/ral/thumb/Ral_4001.jpg'),
(1160, 2, 2, 'Ral 4002', 'images/prop/ral/Ral_4002.jpg', 'images/prop/ral/thumb/Ral_4002.jpg'),
(1161, 2, 2, 'Ral 4003', 'images/prop/ral/Ral_4003.jpg', 'images/prop/ral/thumb/Ral_4003.jpg'),
(1162, 2, 2, 'Ral 4004', 'images/prop/ral/Ral_4004.jpg', 'images/prop/ral/thumb/Ral_4004.jpg'),
(1163, 2, 2, 'Ral 4005', 'images/prop/ral/Ral_4005.jpg', 'images/prop/ral/thumb/Ral_4005.jpg'),
(1164, 2, 2, 'Ral 4006', 'images/prop/ral/Ral_4006.jpg', 'images/prop/ral/thumb/Ral_4006.jpg'),
(1165, 2, 2, 'Ral 4007', 'images/prop/ral/Ral_4007.jpg', 'images/prop/ral/thumb/Ral_4007.jpg'),
(1166, 2, 2, 'Ral 4008', 'images/prop/ral/Ral_4008.jpg', 'images/prop/ral/thumb/Ral_4008.jpg'),
(1167, 2, 2, 'Ral 4009', 'images/prop/ral/Ral_4009.jpg', 'images/prop/ral/thumb/Ral_4009.jpg'),
(1168, 2, 2, 'Ral 4010', 'images/prop/ral/Ral_4010.jpg', 'images/prop/ral/thumb/Ral_4010.jpg'),
(1169, 2, 2, 'Ral 4011', 'images/prop/ral/Ral_4011.jpg', 'images/prop/ral/thumb/Ral_4011.jpg'),
(1170, 2, 2, 'Ral 4012', 'images/prop/ral/Ral_4012.jpg', 'images/prop/ral/thumb/Ral_4012.jpg'),
(1171, 2, 2, 'Ral 5000', 'images/prop/ral/Ral_5000.jpg', 'images/prop/ral/thumb/Ral_5000.jpg'),
(1172, 2, 2, 'Ral 5001', 'images/prop/ral/Ral_5001.jpg', 'images/prop/ral/thumb/Ral_5001.jpg'),
(1173, 2, 2, 'Ral 5002', 'images/prop/ral/Ral_5002.jpg', 'images/prop/ral/thumb/Ral_5002.jpg'),
(1174, 2, 2, 'Ral 5003', 'images/prop/ral/Ral_5003.jpg', 'images/prop/ral/thumb/Ral_5003.jpg'),
(1175, 2, 2, 'Ral 5004', 'images/prop/ral/Ral_5004.jpg', 'images/prop/ral/thumb/Ral_5004.jpg'),
(1176, 2, 2, 'Ral 5005', 'images/prop/ral/Ral_5005.jpg', 'images/prop/ral/thumb/Ral_5005.jpg'),
(1177, 2, 2, 'Ral 5007', 'images/prop/ral/Ral_5007.jpg', 'images/prop/ral/thumb/Ral_5007.jpg'),
(1178, 2, 2, 'Ral 5008', 'images/prop/ral/Ral_5008.jpg', 'images/prop/ral/thumb/Ral_5008.jpg'),
(1179, 2, 2, 'Ral 5009', 'images/prop/ral/Ral_5009.jpg', 'images/prop/ral/thumb/Ral_5009.jpg'),
(1180, 2, 2, 'Ral 5010', 'images/prop/ral/Ral_5010.jpg', 'images/prop/ral/thumb/Ral_5010.jpg'),
(1181, 2, 2, 'Ral 5011', 'images/prop/ral/Ral_5011.jpg', 'images/prop/ral/thumb/Ral_5011.jpg'),
(1182, 2, 2, 'Ral 5012', 'images/prop/ral/Ral_5012.jpg', 'images/prop/ral/thumb/Ral_5012.jpg'),
(1183, 2, 2, 'Ral 5013', 'images/prop/ral/Ral_5013.jpg', 'images/prop/ral/thumb/Ral_5013.jpg'),
(1184, 2, 2, 'Ral 5014', 'images/prop/ral/Ral_5014.jpg', 'images/prop/ral/thumb/Ral_5014.jpg'),
(1185, 2, 2, 'Ral 5015', 'images/prop/ral/Ral_5015.jpg', 'images/prop/ral/thumb/Ral_5015.jpg'),
(1186, 2, 2, 'Ral 5017', 'images/prop/ral/Ral_5017.jpg', 'images/prop/ral/thumb/Ral_5017.jpg'),
(1187, 2, 2, 'Ral 5018', 'images/prop/ral/Ral_5018.jpg', 'images/prop/ral/thumb/Ral_5018.jpg'),
(1188, 2, 2, 'Ral 5019', 'images/prop/ral/Ral_5019.jpg', 'images/prop/ral/thumb/Ral_5019.jpg'),
(1189, 2, 2, 'Ral 5020', 'images/prop/ral/Ral_5020.jpg', 'images/prop/ral/thumb/Ral_5020.jpg'),
(1190, 2, 2, 'Ral 5021', 'images/prop/ral/Ral_5021.jpg', 'images/prop/ral/thumb/Ral_5021.jpg');
INSERT INTO `properties` (`property_id`, `attribute_id`, `property_info_id`, `name`, `img_url`, `img_url_thumb`) VALUES
(1191, 2, 2, 'Ral 5022', 'images/prop/ral/Ral_5022.jpg', 'images/prop/ral/thumb/Ral_5022.jpg'),
(1192, 2, 2, 'Ral 5023', 'images/prop/ral/Ral_5023.jpg', 'images/prop/ral/thumb/Ral_5023.jpg'),
(1193, 2, 2, 'Ral 5024', 'images/prop/ral/Ral_5024.jpg', 'images/prop/ral/thumb/Ral_5024.jpg'),
(1194, 2, 2, 'Ral 5025', 'images/prop/ral/Ral_5025.jpg', 'images/prop/ral/thumb/Ral_5025.jpg'),
(1195, 2, 2, 'Ral 5026', 'images/prop/ral/Ral_5026.jpg', 'images/prop/ral/thumb/Ral_5026.jpg'),
(1196, 2, 2, 'Ral 6000', 'images/prop/ral/Ral_6000.jpg', 'images/prop/ral/thumb/Ral_6000.jpg'),
(1197, 2, 2, 'Ral 6001', 'images/prop/ral/Ral_6001.jpg', 'images/prop/ral/thumb/Ral_6001.jpg'),
(1198, 2, 2, 'Ral 6002', 'images/prop/ral/Ral_6002.jpg', 'images/prop/ral/thumb/Ral_6002.jpg'),
(1199, 2, 2, 'Ral 6003', 'images/prop/ral/Ral_6003.jpg', 'images/prop/ral/thumb/Ral_6003.jpg'),
(1200, 2, 2, 'Ral 6004', 'images/prop/ral/Ral_6004.jpg', 'images/prop/ral/thumb/Ral_6004.jpg'),
(1201, 2, 2, 'Ral 6005', 'images/prop/ral/Ral_6005.jpg', 'images/prop/ral/thumb/Ral_6005.jpg'),
(1202, 2, 2, 'Ral 6006', 'images/prop/ral/Ral_6006.jpg', 'images/prop/ral/thumb/Ral_6006.jpg'),
(1203, 2, 2, 'Ral 6007', 'images/prop/ral/Ral_6007.jpg', 'images/prop/ral/thumb/Ral_6007.jpg'),
(1204, 2, 2, 'Ral 6008', 'images/prop/ral/Ral_6008.jpg', 'images/prop/ral/thumb/Ral_6008.jpg'),
(1205, 2, 2, 'Ral 6009', 'images/prop/ral/Ral_6009.jpg', 'images/prop/ral/thumb/Ral_6009.jpg'),
(1206, 2, 2, 'Ral 6010', 'images/prop/ral/Ral_6010.jpg', 'images/prop/ral/thumb/Ral_6010.jpg'),
(1207, 2, 2, 'Ral 6011', 'images/prop/ral/Ral_6011.jpg', 'images/prop/ral/thumb/Ral_6011.jpg'),
(1208, 2, 2, 'Ral 6012', 'images/prop/ral/Ral_6012.jpg', 'images/prop/ral/thumb/Ral_6012.jpg'),
(1209, 2, 2, 'Ral 6013', 'images/prop/ral/Ral_6013.jpg', 'images/prop/ral/thumb/Ral_6013.jpg'),
(1210, 2, 2, 'Ral 6014', 'images/prop/ral/Ral_6014.jpg', 'images/prop/ral/thumb/Ral_6014.jpg'),
(1211, 2, 2, 'Ral 6015', 'images/prop/ral/Ral_6015.jpg', 'images/prop/ral/thumb/Ral_6015.jpg'),
(1212, 2, 2, 'Ral 6016', 'images/prop/ral/Ral_6016.jpg', 'images/prop/ral/thumb/Ral_6016.jpg'),
(1213, 2, 2, 'Ral 6017', 'images/prop/ral/Ral_6017.jpg', 'images/prop/ral/thumb/Ral_6017.jpg'),
(1214, 2, 2, 'Ral 6018', 'images/prop/ral/Ral_6018.jpg', 'images/prop/ral/thumb/Ral_6018.jpg'),
(1215, 2, 2, 'Ral 6019', 'images/prop/ral/Ral_6019.jpg', 'images/prop/ral/thumb/Ral_6019.jpg'),
(1216, 2, 2, 'Ral 6020', 'images/prop/ral/Ral_6020.jpg', 'images/prop/ral/thumb/Ral_6020.jpg'),
(1217, 2, 2, 'Ral 6021', 'images/prop/ral/Ral_6021.jpg', 'images/prop/ral/thumb/Ral_6021.jpg'),
(1218, 2, 2, 'Ral 6022', 'images/prop/ral/Ral_6022.jpg', 'images/prop/ral/thumb/Ral_6022.jpg'),
(1219, 2, 2, 'Ral 6024', 'images/prop/ral/Ral_6024.jpg', 'images/prop/ral/thumb/Ral_6024.jpg'),
(1220, 2, 2, 'Ral 6025', 'images/prop/ral/Ral_6025.jpg', 'images/prop/ral/thumb/Ral_6025.jpg'),
(1221, 2, 2, 'Ral 6026', 'images/prop/ral/Ral_6026.jpg', 'images/prop/ral/thumb/Ral_6026.jpg'),
(1222, 2, 2, 'Ral 6027', 'images/prop/ral/Ral_6027.jpg', 'images/prop/ral/thumb/Ral_6027.jpg'),
(1223, 2, 2, 'Ral 6028', 'images/prop/ral/Ral_6028.jpg', 'images/prop/ral/thumb/Ral_6028.jpg'),
(1224, 2, 2, 'Ral 6029', 'images/prop/ral/Ral_6029.jpg', 'images/prop/ral/thumb/Ral_6029.jpg'),
(1225, 2, 2, 'Ral 6032', 'images/prop/ral/Ral_6032.jpg', 'images/prop/ral/thumb/Ral_6032.jpg'),
(1226, 2, 2, 'Ral 6033', 'images/prop/ral/Ral_6033.jpg', 'images/prop/ral/thumb/Ral_6033.jpg'),
(1227, 2, 2, 'Ral 6034', 'images/prop/ral/Ral_6034.jpg', 'images/prop/ral/thumb/Ral_6034.jpg'),
(1228, 2, 2, 'Ral 6035', 'images/prop/ral/Ral_6035.jpg', 'images/prop/ral/thumb/Ral_6035.jpg'),
(1229, 2, 2, 'Ral 6036', 'images/prop/ral/Ral_6036.jpg', 'images/prop/ral/thumb/Ral_6036.jpg'),
(1230, 2, 2, 'Ral 7000', 'images/prop/ral/Ral_7000.jpg', 'images/prop/ral/thumb/Ral_7000.jpg'),
(1231, 2, 2, 'Ral 7001', 'images/prop/ral/Ral_7001.jpg', 'images/prop/ral/thumb/Ral_7001.jpg'),
(1232, 2, 2, 'Ral 7002', 'images/prop/ral/Ral_7002.jpg', 'images/prop/ral/thumb/Ral_7002.jpg'),
(1233, 2, 2, 'Ral 7003', 'images/prop/ral/Ral_7003.jpg', 'images/prop/ral/thumb/Ral_7003.jpg'),
(1234, 2, 2, 'Ral 7004', 'images/prop/ral/Ral_7004.jpg', 'images/prop/ral/thumb/Ral_7004.jpg'),
(1235, 2, 2, 'Ral 7005', 'images/prop/ral/Ral_7005.jpg', 'images/prop/ral/thumb/Ral_7005.jpg'),
(1236, 2, 2, 'Ral 7006', 'images/prop/ral/Ral_7006.jpg', 'images/prop/ral/thumb/Ral_7006.jpg'),
(1237, 2, 2, 'Ral 7008', 'images/prop/ral/Ral_7008.jpg', 'images/prop/ral/thumb/Ral_7008.jpg'),
(1238, 2, 2, 'Ral 7009', 'images/prop/ral/Ral_7009.jpg', 'images/prop/ral/thumb/Ral_7009.jpg'),
(1239, 2, 2, 'Ral 7010', 'images/prop/ral/Ral_7010.jpg', 'images/prop/ral/thumb/Ral_7010.jpg'),
(1240, 2, 2, 'Ral 7011', 'images/prop/ral/Ral_7011.jpg', 'images/prop/ral/thumb/Ral_7011.jpg'),
(1241, 2, 2, 'Ral 7012', 'images/prop/ral/Ral_7012.jpg', 'images/prop/ral/thumb/Ral_7012.jpg'),
(1242, 2, 2, 'Ral 7013', 'images/prop/ral/Ral_7013.jpg', 'images/prop/ral/thumb/Ral_7013.jpg'),
(1243, 2, 2, 'Ral 7015', 'images/prop/ral/Ral_7015.jpg', 'images/prop/ral/thumb/Ral_7015.jpg'),
(1244, 2, 2, 'Ral 7016', 'images/prop/ral/Ral_7016.jpg', 'images/prop/ral/thumb/Ral_7016.jpg'),
(1245, 2, 2, 'Ral 7021', 'images/prop/ral/Ral_7021.jpg', 'images/prop/ral/thumb/Ral_7021.jpg'),
(1246, 2, 2, 'Ral 7022', 'images/prop/ral/Ral_7022.jpg', 'images/prop/ral/thumb/Ral_7022.jpg'),
(1247, 2, 2, 'Ral 7023', 'images/prop/ral/Ral_7023.jpg', 'images/prop/ral/thumb/Ral_7023.jpg'),
(1248, 2, 2, 'Ral 7024', 'images/prop/ral/Ral_7024.jpg', 'images/prop/ral/thumb/Ral_7024.jpg'),
(1249, 2, 2, 'Ral 7026', 'images/prop/ral/Ral_7026.jpg', 'images/prop/ral/thumb/Ral_7026.jpg'),
(1250, 2, 2, 'Ral 7030', 'images/prop/ral/Ral_7030.jpg', 'images/prop/ral/thumb/Ral_7030.jpg'),
(1251, 2, 2, 'Ral 7031', 'images/prop/ral/Ral_7031.jpg', 'images/prop/ral/thumb/Ral_7031.jpg'),
(1252, 2, 2, 'Ral 7032', 'images/prop/ral/Ral_7032.jpg', 'images/prop/ral/thumb/Ral_7032.jpg'),
(1253, 2, 2, 'Ral 7033', 'images/prop/ral/Ral_7033.jpg', 'images/prop/ral/thumb/Ral_7033.jpg'),
(1254, 2, 2, 'Ral 7034', 'images/prop/ral/Ral_7034.jpg', 'images/prop/ral/thumb/Ral_7034.jpg'),
(1255, 2, 2, 'Ral 7035', 'images/prop/ral/Ral_7035.jpg', 'images/prop/ral/thumb/Ral_7035.jpg'),
(1256, 2, 2, 'Ral 7036', 'images/prop/ral/Ral_7036.jpg', 'images/prop/ral/thumb/Ral_7036.jpg'),
(1257, 2, 2, 'Ral 7037', 'images/prop/ral/Ral_7037.jpg', 'images/prop/ral/thumb/Ral_7037.jpg'),
(1258, 2, 2, 'Ral 7038', 'images/prop/ral/Ral_7038.jpg', 'images/prop/ral/thumb/Ral_7038.jpg'),
(1259, 2, 2, 'Ral 7039', 'images/prop/ral/Ral_7039.jpg', 'images/prop/ral/thumb/Ral_7039.jpg'),
(1260, 2, 2, 'Ral 7040', 'images/prop/ral/Ral_7040.jpg', 'images/prop/ral/thumb/Ral_7040.jpg'),
(1261, 2, 2, 'Ral 7042', 'images/prop/ral/Ral_7042.jpg', 'images/prop/ral/thumb/Ral_7042.jpg'),
(1262, 2, 2, 'Ral 7043', 'images/prop/ral/Ral_7043.jpg', 'images/prop/ral/thumb/Ral_7043.jpg'),
(1263, 2, 2, 'Ral 7044', 'images/prop/ral/Ral_7044.jpg', 'images/prop/ral/thumb/Ral_7044.jpg'),
(1264, 2, 2, 'Ral 7045', 'images/prop/ral/Ral_7045.jpg', 'images/prop/ral/thumb/Ral_7045.jpg'),
(1265, 2, 2, 'Ral 7046', 'images/prop/ral/Ral_7046.jpg', 'images/prop/ral/thumb/Ral_7046.jpg'),
(1266, 2, 2, 'Ral 7047', 'images/prop/ral/Ral_7047.jpg', 'images/prop/ral/thumb/Ral_7047.jpg'),
(1267, 2, 2, 'Ral 7048', 'images/prop/ral/Ral_7048.jpg', 'images/prop/ral/thumb/Ral_7048.jpg'),
(1268, 2, 2, 'Ral 8000', 'images/prop/ral/Ral_8000.jpg', 'images/prop/ral/thumb/Ral_8000.jpg'),
(1269, 2, 2, 'Ral 8001', 'images/prop/ral/Ral_8001.jpg', 'images/prop/ral/thumb/Ral_8001.jpg'),
(1270, 2, 2, 'Ral 8002', 'images/prop/ral/Ral_8002.jpg', 'images/prop/ral/thumb/Ral_8002.jpg'),
(1271, 2, 2, 'Ral 8003', 'images/prop/ral/Ral_8003.jpg', 'images/prop/ral/thumb/Ral_8003.jpg'),
(1272, 2, 2, 'Ral 8004', 'images/prop/ral/Ral_8004.jpg', 'images/prop/ral/thumb/Ral_8004.jpg'),
(1273, 2, 2, 'Ral 8007', 'images/prop/ral/Ral_8007.jpg', 'images/prop/ral/thumb/Ral_8007.jpg'),
(1274, 2, 2, 'Ral 8008', 'images/prop/ral/Ral_8008.jpg', 'images/prop/ral/thumb/Ral_8008.jpg'),
(1275, 2, 2, 'Ral 8011', 'images/prop/ral/Ral_8011.jpg', 'images/prop/ral/thumb/Ral_8011.jpg'),
(1276, 2, 2, 'Ral 8012', 'images/prop/ral/Ral_8012.jpg', 'images/prop/ral/thumb/Ral_8012.jpg'),
(1277, 2, 2, 'Ral 8014', 'images/prop/ral/Ral_8014.jpg', 'images/prop/ral/thumb/Ral_8014.jpg'),
(1278, 2, 2, 'Ral 8015', 'images/prop/ral/Ral_8015.jpg', 'images/prop/ral/thumb/Ral_8015.jpg'),
(1279, 2, 2, 'Ral 8016', 'images/prop/ral/Ral_8016.jpg', 'images/prop/ral/thumb/Ral_8016.jpg'),
(1280, 2, 2, 'Ral 8017', 'images/prop/ral/Ral_8017.jpg', 'images/prop/ral/thumb/Ral_8017.jpg'),
(1281, 2, 2, 'Ral 8019', 'images/prop/ral/Ral_8019.jpg', 'images/prop/ral/thumb/Ral_8019.jpg'),
(1282, 2, 2, 'Ral 8022', 'images/prop/ral/Ral_8022.jpg', 'images/prop/ral/thumb/Ral_8022.jpg'),
(1283, 2, 2, 'Ral 8023', 'images/prop/ral/Ral_8023.jpg', 'images/prop/ral/thumb/Ral_8023.jpg'),
(1284, 2, 2, 'Ral 8024', 'images/prop/ral/Ral_8024.jpg', 'images/prop/ral/thumb/Ral_8024.jpg'),
(1285, 2, 2, 'Ral 8025', 'images/prop/ral/Ral_8025.jpg', 'images/prop/ral/thumb/Ral_8025.jpg'),
(1286, 2, 2, 'Ral 8028', 'images/prop/ral/Ral_8028.jpg', 'images/prop/ral/thumb/Ral_8028.jpg'),
(1287, 2, 2, 'Ral 8029', 'images/prop/ral/Ral_8029.jpg', 'images/prop/ral/thumb/Ral_8029.jpg'),
(1288, 2, 2, 'Ral 9001', 'images/prop/ral/Ral_9001.jpg', 'images/prop/ral/thumb/Ral_9001.jpg'),
(1289, 2, 2, 'Ral 9002', 'images/prop/ral/Ral_9002.jpg', 'images/prop/ral/thumb/Ral_9002.jpg'),
(1290, 2, 2, 'Ral 9003', 'images/prop/ral/Ral_9003.jpg', 'images/prop/ral/thumb/Ral_9003.jpg'),
(1291, 2, 2, 'Ral 9004', 'images/prop/ral/Ral_9004.jpg', 'images/prop/ral/thumb/Ral_9004.jpg'),
(1292, 2, 2, 'Ral 9005', 'images/prop/ral/Ral_9005.jpg', 'images/prop/ral/thumb/Ral_9005.jpg'),
(1293, 2, 2, 'Ral 9006', 'images/prop/ral/Ral_9006.jpg', 'images/prop/ral/thumb/Ral_9006.jpg'),
(1294, 2, 2, 'Ral 9007', 'images/prop/ral/Ral_9007.jpg', 'images/prop/ral/thumb/Ral_9007.jpg'),
(1295, 2, 2, 'Ral 9010', 'images/prop/ral/Ral_9010.jpg', 'images/prop/ral/thumb/Ral_9010.jpg'),
(1296, 2, 2, 'Ral 9011', 'images/prop/ral/Ral_9011.jpg', 'images/prop/ral/thumb/Ral_9011.jpg'),
(1297, 2, 2, 'Ral 9016', 'images/prop/ral/Ral_9016.jpg', 'images/prop/ral/thumb/Ral_9016.jpg'),
(1298, 2, 2, 'Ral 9017', 'images/prop/ral/Ral_9017.jpg', 'images/prop/ral/thumb/Ral_9017.jpg'),
(1299, 2, 2, 'Ral 9018', 'images/prop/ral/Ral_9018.jpg', 'images/prop/ral/thumb/Ral_9018.jpg'),
(1300, 2, 2, 'Ral 9022', 'images/prop/ral/Ral_9022.jpg', 'images/prop/ral/thumb/Ral_9022.jpg'),
(1301, 2, 2, 'Ral 9023', 'images/prop/ral/Ral_9023.jpg', 'images/prop/ral/thumb/Ral_9023.jpg'),
(1302, 2, 2, 'TZ 8825 A1', 'images/prop/ral/TZ_8825_A1.jpg', 'images/prop/ral/thumb/TZ_8825_A1.jpg'),
(1303, 2, 2, 'WCP 115', 'images/prop/ral/WCP_115.jpg', 'images/prop/ral/thumb/WCP_115'),
(1304, 2, 3, 'SE 1401', 'images/prop/ilva/SE_1401.jpg', 'images/prop/ilva/thumb/SE_1401.jpg'),
(1305, 2, 3, 'SE 1402', 'images/prop/ilva/SE_1402.jpg', 'images/prop/ilva/thumb/SE_1402.jpg'),
(1306, 2, 3, 'SE 1403', 'images/prop/ilva/SE_1403.jpg', 'images/prop/ilva/thumb/SE_1403.jpg'),
(1307, 2, 3, 'SE 1404', 'images/prop/ilva/SE_1404.jpg', 'images/prop/ilva/thumb/SE_1404.jpg'),
(1308, 2, 3, 'SE 1405', 'images/prop/ilva/SE_1405.jpg', 'images/prop/ilva/thumb/SE_1405.jpg'),
(1309, 2, 3, 'SE 1406', 'images/prop/ilva/SE_1406.jpg', 'images/prop/ilva/thumb/SE_1406.jpg'),
(1310, 2, 3, 'SE 1407', 'images/prop/ilva/SE_1407.jpg', 'images/prop/ilva/thumb/SE_1407.jpg'),
(1311, 2, 3, 'SE 7005', 'images/prop/ilva/SE_7005.jpg', 'images/prop/ilva/thumb/SE_7005.jpg'),
(1312, 2, 3, 'SE 7006', 'images/prop/ilva/SE_7006.jpg', 'images/prop/ilva/thumb/SE_7006.jpg'),
(1313, 2, 3, 'SE 7007', 'images/prop/ilva/SE_7007.jpg', 'images/prop/ilva/thumb/SE_7007.jpg'),
(1314, 2, 3, 'SE 7008', 'images/prop/ilva/SE_7008.jpg', 'images/prop/ilva/thumb/SE_7008.jpg'),
(1315, 2, 3, 'SE 7009', 'images/prop/ilva/SE_7009.jpg', 'images/prop/ilva/thumb/SE_7009.jpg'),
(1316, 2, 3, 'SE 701', 'images/prop/ilva/SE_701.jpg', 'images/prop/ilva/thumb/SE_701.jpg'),
(1317, 2, 3, 'SE 7010', 'images/prop/ilva/SE_7010.jpg', 'images/prop/ilva/thumb/SE_7010.jpg'),
(1318, 2, 3, 'SE 7011', 'images/prop/ilva/SE_7011.jpg', 'images/prop/ilva/thumb/SE_7011.jpg'),
(1319, 2, 3, 'SE 7012', 'images/prop/ilva/SE_7012.jpg', 'images/prop/ilva/thumb/SE_7012.jpg'),
(1320, 2, 3, 'SE 7013', 'images/prop/ilva/SE_7013.jpg', 'images/prop/ilva/thumb/SE_7013.jpg'),
(1321, 2, 3, 'SE 7014', 'images/prop/ilva/SE_7014.jpg', 'images/prop/ilva/thumb/SE_7014.jpg'),
(1322, 2, 3, 'SE 7016', 'images/prop/ilva/SE_7016.jpg', 'images/prop/ilva/thumb/SE_7016.jpg'),
(1323, 2, 3, 'SE 702', 'images/prop/ilva/SE_702.jpg', 'images/prop/ilva/thumb/SE_702.jpg'),
(1324, 2, 3, 'SE 7021', 'images/prop/ilva/SE_7021.jpg', 'images/prop/ilva/thumb/SE_7021.jpg'),
(1325, 2, 3, 'SE 7026', 'images/prop/ilva/SE_7026.jpg', 'images/prop/ilva/thumb/SE_7026.jpg'),
(1326, 2, 3, 'SE 703', 'images/prop/ilva/SE_703.jpg', 'images/prop/ilva/thumb/SE_703.jpg'),
(1327, 2, 3, 'SE 7031', 'images/prop/ilva/SE_7031.jpg', 'images/prop/ilva/thumb/SE_7031.jpg'),
(1328, 2, 3, 'SE 7037', 'images/prop/ilva/SE_7037.jpg', 'images/prop/ilva/thumb/SE_7037.jpg'),
(1329, 2, 3, 'SE 704', 'images/prop/ilva/SE_704.jpg', 'images/prop/ilva/thumb/SE_704.jpg'),
(1330, 2, 3, 'SE 705', 'images/prop/ilva/SE_705.jpg', 'images/prop/ilva/thumb/SE_705.jpg'),
(1331, 2, 3, 'SE 7059', 'images/prop/ilva/SE_7059.jpg', 'images/prop/ilva/thumb/SE_7059.jpg'),
(1332, 2, 3, 'SE 706', 'images/prop/ilva/SE_706.jpg', 'images/prop/ilva/thumb/SE_706.jpg'),
(1333, 2, 3, 'SE 7061', 'images/prop/ilva/SE_7061.jpg', 'images/prop/ilva/thumb/SE_7061.jpg'),
(1334, 2, 3, 'SE 707', 'images/prop/ilva/SE_707.jpg', 'images/prop/ilva/thumb/SE_707.jpg'),
(1335, 2, 3, 'SE 708', 'images/prop/ilva/SE_708.jpg', 'images/prop/ilva/thumb/SE_708.jpg'),
(1336, 2, 3, 'SE 7108 venge', 'images/prop/ilva/SE_7108_venge.jpg', 'images/prop/ilva/thumb/SE_7108_venge.jpg'),
(1337, 2, 3, 'SE 7118', 'images/prop/ilva/SE_7118.jpg', 'images/prop/ilva/thumb/SE_7118.jpg'),
(1338, 2, 3, 'SE 7511', 'images/prop/ilva/SE_7511.jpg', 'images/prop/ilva/thumb/SE_7511.jpg.jpg'),
(1339, 3, 4, '001-UA', 'images/prop/kamen/001-UA.jpg', 'images/prop/kamen/thumb/001-UA.jpg'),
(1340, 3, 4, '004-a-UA', 'images/prop/kamen/004-a-UA.jpg', 'images/prop/kamen/thumb/004-a-UA.jpg'),
(1341, 3, 4, '006-a-UA', 'images/prop/kamen/006-a-UA.jpg', 'images/prop/kamen/thumb/006-a-UA.jpg'),
(1342, 3, 4, '207-CT', 'images/prop/kamen/207-CT.jpg', 'images/prop/kamen/thumb/207-CT.jpg'),
(1343, 3, 4, '303-a-GT', 'images/prop/kamen/303-a-GT.jpg', 'images/prop/kamen/thumb/303-a-GT.jpg'),
(1344, 3, 4, '305-a-GT', 'images/prop/kamen/305-a-GT.jpg', 'images/prop/kamen/thumb/305-a-GT.jpg'),
(1345, 3, 4, '501-a-SF', 'images/prop/kamen/501-a-SF.jpg', 'images/prop/kamen/thumb/501-a-SF.jpg'),
(1346, 3, 4, '501-OTR', 'images/prop/kamen/501-OTR.jpg', 'images/prop/kamen/thumb/501-OTR.jpg'),
(1347, 3, 4, '502-a-SF', 'images/prop/kamen/502-a-SF.jpg', 'images/prop/kamen/thumb/502-a-SF.jpg'),
(1348, 3, 4, '502-OTR', 'images/prop/kamen/502-OTR.jpg', 'images/prop/kamen/thumb/502-OTR.jpg'),
(1349, 3, 4, '503-a-SF', 'images/prop/kamen/503-a-SF.jpg', 'images/prop/kamen/thumb/503-a-SF.jpg'),
(1350, 3, 4, '507-OTR', 'images/prop/kamen/507-OTR.jpg', 'images/prop/kamen/thumb/507-OTR.jpg'),
(1351, 3, 4, '509-a-SF', 'images/prop/kamen/509-a-SF.jpg', 'images/prop/kamen/thumb/509-a-SF.jpg'),
(1352, 3, 4, '514-OTR', 'images/prop/kamen/514-OTR.jpg', 'images/prop/kamen/thumb/514-OTR.jpg'),
(1353, 3, 4, '518-OTR', 'images/prop/kamen/518-OTR.jpg', 'images/prop/kamen/thumb/518-OTR.jpg'),
(1354, 3, 4, '520-OTR', 'images/prop/kamen/520-OTR.jpg', 'images/prop/kamen/thumb/520-OTR.jpg'),
(1355, 3, 4, '521-OTR', 'images/prop/kamen/521-OTR.jpg', 'images/prop/kamen/thumb/521-OTR.jpg'),
(1356, 3, 4, '523-OTR', 'images/prop/kamen/523-OTR.jpg', 'images/prop/kamen/thumb/523-OTR.jpg'),
(1357, 3, 4, '528-OTR', 'images/prop/kamen/528-OTR.jpg', 'images/prop/kamen/thumb/528-OTR.jpg'),
(1358, 3, 4, '530-OTR', 'images/prop/kamen/530-OTR.jpg', 'images/prop/kamen/thumb/530-OTR.jpg'),
(1359, 3, 4, '532-OTR', 'images/prop/kamen/532-OTR.jpg', 'images/prop/kamen/thumb/532-OTR.jpg'),
(1360, 3, 4, '534-OTR', 'images/prop/kamen/534-OTR.jpg', 'images/prop/kamen/thumb/534-OTR.jpg'),
(1361, 3, 4, '586-OTR', 'images/prop/kamen/586-OTR.jpg', 'images/prop/kamen/thumb/586-OTR.jpg'),
(1362, 3, 4, '589-OTR', 'images/prop/kamen/589-OTR.jpg', 'images/prop/kamen/thumb/589-OTR.jpg'),
(1363, 3, 4, '601-a-MS', 'images/prop/kamen/601-a-MS.jpg', 'images/prop/kamen/thumb/601-a-MS.jpg'),
(1364, 3, 4, '603-MS', 'images/prop/kamen/603-MS.jpg', 'images/prop/kamen/thumb/603-MS.jpg'),
(1365, 3, 4, '605-a-MS', 'images/prop/kamen/605-a-MS.jpg', 'images/prop/kamen/thumb/605-a-MS.jpg'),
(1366, 3, 4, '607-OTR', 'images/prop/kamen/607-OTR.jpg', 'images/prop/kamen/thumb/607-OTR.jpg'),
(1367, 3, 4, '615-OTR', 'images/prop/kamen/615-OTR.jpg', 'images/prop/kamen/thumb/615-OTR.jpg'),
(1368, 3, 4, '616-OTR', 'images/prop/kamen/616-OTR.jpg', 'images/prop/kamen/thumb/616-OTR.jpg'),
(1369, 3, 4, 'OTR-608', 'images/prop/kamen/OTR-608.jpg', 'images/prop/kamen/thumb/OTR-608.jpg'),
(1370, 3, 4, 'R-407', 'images/prop/kamen/R-407.jpg', 'images/prop/kamen/thumb/R-407.jpg'),
(1371, 4, 5, '0001 COR CORALLO BIANCO', 'images/prop/plastik/art_line/0001_COR_CORALLO_BIANCO.jpg', 'images/prop/plastik/art_line/thumb/0001_COR_CORALLO_BIANCO.jpg'),
(1372, 4, 5, '0001 LUCIDA BIALY', 'images/prop/plastik/art_line/0001_LUCIDA_BIALY.jpg', 'images/prop/plastik/art_line/thumb/0001_LUCIDA_BIALY.jpg'),
(1373, 4, 5, '0001 PXL 3D PIXEL BIANCO', 'images/prop/plastik/art_line/0001_PXL_3D_PIXEL_BIANCO.jpg', 'images/prop/plastik/art_line/thumb/0001_PXL_3D_PIXEL_BIANCO.jpg'),
(1374, 4, 5, '0244 LUCIDA PORCELLANA', 'images/prop/plastik/art_line/0244_LUCIDA_PORCELLANA.jpg', 'images/prop/plastik/art_line/thumb/0244_LUCIDA_PORCELLANA.jpg'),
(1375, 4, 5, '0509 COR CORALLO NERO', 'images/prop/plastik/art_line/0509_COR_CORALLO_NERO.jpg', 'images/prop/plastik/art_line/thumb/0509_COR_CORALLO_NERO.jpg'),
(1376, 4, 5, '0509 FAR 3D FARAH NERO', 'images/prop/plastik/art_line/0509_FAR_3D_FARAH_NERO.jpg', 'images/prop/plastik/art_line/thumb/0509_FAR_3D_FARAH_NERO.jpg'),
(1377, 4, 5, '0509 LUCIDA 0901-HW CZARNY(SOLID COLOR COLLECTION)', 'images/prop/plastik/art_line/0509_LUCIDA_0901-HW_CZARNY(SOLID_COLOR_COLLECTION).jpg', 'images/prop/plastik/art_line/thumb/0509_LUCIDA_0901-HW_CZARNY(SOLID_COLOR_COLLECTION).jpg'),
(1378, 4, 5, '0509 MES 3D MESH NERO', 'images/prop/plastik/art_line/0509_MES_3D_MESH_NERO.jpg', 'images/prop/plastik/art_line/thumb/0509_MES_3D_MESH_NERO.jpg'),
(1379, 4, 5, '0509 PXL 3D PIXEL NERO', 'images/prop/plastik/art_line/0509_PXL_3D_PIXEL_NERO.jpg', 'images/prop/plastik/art_line/thumb/0509_PXL_3D_PIXEL_NERO.jpg'),
(1380, 4, 5, '0559 R BRAZ', 'images/prop/plastik/art_line/0559_R_BRAZ.jpg', 'images/prop/plastik/art_line/thumb/0559_R_BRAZ.jpg'),
(1381, 4, 5, '0561 PXL 3D PIXEL ROSSO', 'images/prop/plastik/art_line/0561_PXL_3D_PIXEL_ROSSO.jpg', 'images/prop/plastik/art_line/thumb/0561_PXL_3D_PIXEL_ROSSO.jpg'),
(1382, 4, 5, '0576 PXL 3D PIXEL BRUNO', 'images/prop/plastik/art_line/0576_PXL_3D_PIXEL_BRUNO.jpg', 'images/prop/plastik/art_line/thumb/0576_PXL_3D_PIXEL_BRUNO.jpg'),
(1383, 4, 5, '0901-PI PURE IDENTITY BLACK', 'images/prop/plastik/art_line/0901-PI_PURE_IDENTITY_BLACK.jpg', 'images/prop/plastik/art_line/thumb/0901-PI_PURE_IDENTITY_BLACK.jpg'),
(1384, 4, 5, '2118-HW MALACHITE SOFT', 'images/prop/plastik/art_line/2118-HW_MALACHITE_SOFT.jpg', 'images/prop/plastik/art_line/thumb/2118-HW_MALACHITE_SOFT.jpg'),
(1385, 4, 5, '2121-HW RUBY SOFT', 'images/prop/plastik/art_line/2121-HW_RUBY_SOFT.jpg', 'images/prop/plastik/art_line/thumb/2121-HW_RUBY_SOFT.jpg'),
(1386, 4, 5, '2209 LUCIDA SUNRISE', 'images/prop/plastik/art_line/2209_LUCIDA_SUNRISE.jpg', 'images/prop/plastik/art_line/thumb/2209_LUCIDA_SUNRISE.jpg'),
(1387, 4, 5, '2209 R SUNRISE', 'images/prop/plastik/art_line/2209_R_SUNRISE.jpg', 'images/prop/plastik/art_line/thumb/2209_R_SUNRISE.jpg'),
(1388, 4, 5, '2211 LUCIDA SUNLIGHT', 'images/prop/plastik/art_line/2211_LUCIDA_SUNLIGHT.jpg', 'images/prop/plastik/art_line/thumb/2211_LUCIDA_SUNLIGHT.jpg'),
(1389, 4, 5, '2551 CORALLO CORALLO VISONE', 'images/prop/plastik/art_line/2551_CORALLO_CORALLO_VISONE.jpg', 'images/prop/plastik/art_line/thumb/2551_CORALLO_CORALLO_VISONE.jpg'),
(1390, 4, 5, '2608 LUCIDA ARGENTO', 'images/prop/plastik/art_line/2608_LUCIDA_ARGENTO.jpg', 'images/prop/plastik/art_line/thumb/2608_LUCIDA_ARGENTO.jpg'),
(1391, 4, 5, '3317 TEX SIXTY NERO', 'images/prop/plastik/art_line/3317_TEX_SIXTY_NERO.jpg', 'images/prop/plastik/art_line/thumb/3317_TEX_SIXTY_NERO.jpg'),
(1392, 4, 5, '3318 TEX SIXTY GRIGIO', 'images/prop/plastik/art_line/3318_TEX_SIXTY_GRIGIO.jpg', 'images/prop/plastik/art_line/thumb/3318_TEX_SIXTY_GRIGIO.jpg'),
(1393, 4, 5, '9206 LU ALU MAGIC SNOW', 'images/prop/plastik/art_line/9206_LU_ALU_MAGIC_SNOW.jpg', 'images/prop/plastik/art_line/thumb/9206_LU_ALU_MAGIC_SNOW.jpg'),
(1394, 4, 5, '9208 LU ALU MAGIC FOG', 'images/prop/plastik/art_line/9208_LU_ALU_MAGIC_FOG.jpg', 'images/prop/plastik/art_line/thumb/9208_LU_ALU_MAGIC_FOG.jpg'),
(1395, 4, 5, '9209 LU ALU MAGIC RAIN', 'images/prop/plastik/art_line/9209_LU_ALU_MAGIC_RAIN.jpg', 'images/prop/plastik/art_line/thumb/9209_LU_ALU_MAGIC_RAIN.jpg'),
(1396, 4, 5, '9215 LU ALU MAGIC BURN', 'images/prop/plastik/art_line/9215_LU_ALU_MAGIC_BURN.jpg', 'images/prop/plastik/art_line/thumb/9215_LU_ALU_MAGIC_BURN.jpg'),
(1397, 4, 5, '9216 R ALU MAGIC SMOKE', 'images/prop/plastik/art_line/9216_R_ALU_MAGIC_SMOKE.jpg', 'images/prop/plastik/art_line/thumb/9216_R_ALU_MAGIC_SMOKE.jpg'),
(1398, 4, 5, '9417-PI PURE IDENTITY WHITE', 'images/prop/plastik/art_line/9417-PI_PURE_IDENTITY_WHITE.jpg', 'images/prop/plastik/art_line/thumb/9417-PI_PURE_IDENTITY_WHITE.jpg'),
(1399, 4, 5, 'A 035 DIGITAL TEXTURE (DRUK CYFOWY)', 'images/prop/plastik/art_line/A_035_DIGITAL_TEXTURE_(DRUK_CYFOWY).jpg', 'images/prop/plastik/art_line/thumb/A_035_DIGITAL_TEXTURE_(DRUK_CYFOWY).jpg'),
(1400, 4, 5, 'A 067 DIGITAL WAVE(DRUNK CYFROWY)', 'images/prop/plastik/art_line/A_067_DIGITAL_WAVE(DRUNK_CYFROWY).jpg', 'images/prop/plastik/art_line/thumb/A_067_DIGITAL_WAVE(DRUNK_CYFROWY).jpg'),
(1401, 4, 5, 'A 080 BLACK AND WHITE(DRUK CYFROWY)', 'images/prop/plastik/art_line/A_080_BLACK_AND_WHITE(DRUK_CYFROWY).jpg', 'images/prop/plastik/art_line/thumb/A_080_BLACK_AND_WHITE(DRUK_CYFROWY).jpg'),
(1402, 4, 5, 'D 14-PI PURE IDENTITY', 'images/prop/plastik/art_line/D_14-PI_PURE_IDENTITY.jpg', 'images/prop/plastik/art_line/thumb/D_14-PI_PURE_IDENTITY.jpg'),
(1403, 4, 5, 'E11 604 RIBBED BLACK', 'images/prop/plastik/art_line/E11_604_RIBBED_BLACK.jpg', 'images/prop/plastik/art_line/thumb/E11_604_RIBBED_BLACK.jpg'),
(1404, 4, 5, 'F 7103 FG GREY INDIAN SUMMER', 'images/prop/plastik/art_line/F_7103_FG_GREY_INDIAN_SUMMER.jpg', 'images/prop/plastik/art_line/thumb/F_7103_FG_GREY_INDIAN_SUMMER.jpg'),
(1405, 4, 5, 'F 8008 VV SILVER ALU WEVE', 'images/prop/plastik/art_line/F_8008_VV_SILVER_ALU_WEVE.jpg', 'images/prop/plastik/art_line/thumb/F_8008_VV_SILVER_ALU_WEVE.jpg'),
(1406, 4, 5, 'F 8110 VV BRUSHED ALU', 'images/prop/plastik/art_line/F_8110_VV_BRUSHED_ALU.jpg', 'images/prop/plastik/art_line/thumb/F_8110_VV_BRUSHED_ALU.jpg'),
(1407, 4, 5, 'F 8568 HG CAVA ROSE', 'images/prop/plastik/art_line/F_8568_HG_CAVA_ROSE.jpg', 'images/prop/plastik/art_line/thumb/F_8568_HG_CAVA_ROSE.jpg'),
(1408, 4, 5, 'F 8582 MP ALUMINIUM JASNE', 'images/prop/plastik/art_line/F_8582_MP_ALUMINIUM_JASNE.jpg', 'images/prop/plastik/art_line/thumb/F_8582_MP_ALUMINIUM_JASNE.jpg'),
(1409, 4, 5, 'F 8595 MP GREY ANTHRACITE', 'images/prop/plastik/art_line/F_8595_MP_GREY_ANTHRACITE.jpg', 'images/prop/plastik/art_line/thumb/F_8595_MP_GREY_ANTHRACITE.jpg'),
(1410, 4, 5, 'F 8810HG COPPER', 'images/prop/plastik/art_line/F_8810HG_COPPER.jpg', 'images/prop/plastik/art_line/thumb/F_8810HG_COPPER.jpg'),
(1411, 4, 5, 'F 8816 HG YELLOW RAINBOW', 'images/prop/plastik/art_line/F_8816_HG_YELLOW_RAINBOW.jpg', 'images/prop/plastik/art_line/thumb/F_8816_HG_YELLOW_RAINBOW.jpg'),
(1412, 4, 5, 'F 8830 HG ANTHRACITE RAINBOW', 'images/prop/plastik/art_line/F_8830_HG_ANTHRACITE_RAINBOW.jpg', 'images/prop/plastik/art_line/thumb/F_8830_HG_ANTHRACITE_RAINBOW.jpg'),
(1413, 4, 5, 'R 5255 FG DAYTON BLUE', 'images/prop/plastik/art_line/R_5255_FG_DAYTON_BLUE.jpg', 'images/prop/plastik/art_line/thumb/R_5255_FG_DAYTON_BLUE.jpg'),
(1414, 4, 5, 'U 1027 HG(HS) BIEL LODOWA(SOLID COLOR COLLECTION)', 'images/prop/plastik/art_line/U_1027_HG(HS)_BIEL_LODOWA(SOLID_COLOR_COLLECTION).jpg', 'images/prop/plastik/art_line/thumb/U_1027_HG(HS)_BIEL_LODOWA(SOLID_COLOR_COLLECTION).jpg'),
(1415, 4, 5, 'U 1027 VV BIEL LODOWA (SOLID COLOR COLLECTION)', 'images/prop/plastik/art_line/U_1027_VV_BIEL_LODOWA_(SOLID_COLOR_COLLECTION).jpg', 'images/prop/plastik/art_line/thumb/U_1027_VV_BIEL_LODOWA_(SOLID_COLOR_COLLECTION).jpg'),
(1416, 4, 5, 'U 1188 MP SZARY JASNY', 'images/prop/plastik/art_line/U_1188_MP_SZARY_JASNY.jpg', 'images/prop/plastik/art_line/thumb/U_1188_MP_SZARY_JASNY.jpg'),
(1417, 4, 5, 'U 1190 VV CUVO', 'images/prop/plastik/art_line/U_1190_VV_CUVO.jpg', 'images/prop/plastik/art_line/thumb/U_1190_VV_CUVO.jpg'),
(1418, 4, 5, 'U 1193 VV CUANDO (SOLID COLOR COLLECTION)', 'images/prop/plastik/art_line/U_1193_VV_CUANDO_(SOLID_COLOR_COLLECTION).jpg', 'images/prop/plastik/art_line/thumb/U_1193_VV_CUANDO_(SOLID_COLOR_COLLECTION).jpg'),
(1419, 4, 5, 'U 1200 MP CZARNY', 'images/prop/plastik/art_line/U_1200_MP_CZARNY.jpg', 'images/prop/plastik/art_line/thumb/U_1200_MP_CZARNY.jpg'),
(1420, 4, 5, 'U 1200 VV CZARNY (SOLID COLOR COLLECTION)', 'images/prop/plastik/art_line/U_1200_VV_CZARNY_(SOLID_COLOR_COLLECTION).jpg', 'images/prop/plastik/art_line/thumb/U_1200_VV_CZARNY_(SOLID_COLOR_COLLECTION).jpg'),
(1421, 4, 5, 'U 1211 VV LAVA (SOLID COLOR COLLECTION)', 'images/prop/plastik/art_line/U_1211_VV_LAVA_(SOLID_COLOR_COLLECTION).jpg', 'images/prop/plastik/art_line/thumb/U_1211_VV_LAVA_(SOLID_COLOR_COLLECTION).jpg'),
(1422, 4, 5, 'U 1257 MP SZARY GRAFIT', 'images/prop/plastik/art_line/U_1257_MP_SZARY_GRAFIT.jpg', 'images/prop/plastik/art_line/thumb/U_1257_MP_SZARY_GRAFIT.jpg'),
(1423, 4, 5, 'U 1313 MP KREM', 'images/prop/plastik/art_line/U_1313_MP_KREM.jpg', 'images/prop/plastik/art_line/thumb/U_1313_MP_KREM.jpg'),
(1424, 4, 5, 'U 1349 HG KARMEL', 'images/prop/plastik/art_line/U_1349_HG_KARMEL.jpg', 'images/prop/plastik/art_line/thumb/U_1349_HG_KARMEL.jpg'),
(1425, 4, 5, 'U 1358 TC JASMINE', 'images/prop/plastik/art_line/U_1358_TC_JASMINE.jpg', 'images/prop/plastik/art_line/thumb/U_1358_TC_JASMINE.jpg'),
(1426, 4, 5, 'U 1379 VV MAGNOLIA', 'images/prop/plastik/art_line/U_1379_VV_MAGNOLIA.jpg', 'images/prop/plastik/art_line/thumb/U_1379_VV_MAGNOLIA.jpg'),
(1427, 4, 5, 'U 1748 MP BLEKIT KROLEWSKI', 'images/prop/plastik/art_line/U_1748_MP_BLEKIT_KROLEWSKI.jpg', 'images/prop/plastik/art_line/thumb/U_1748_MP_BLEKIT_KROLEWSKI.jpg'),
(1428, 4, 5, 'U 1857 VV OLIVE', 'images/prop/plastik/art_line/U_1857_VV_OLIVE.jpg', 'images/prop/plastik/art_line/thumb/U_1857_VV_OLIVE.jpg'),
(1429, 4, 5, 'W 400 MP BIALY', 'images/prop/plastik/art_line/W_400_MP_BIALY.jpg', 'images/prop/plastik/art_line/thumb/W_400_MP_BIALY.jpg'),
(1430, 4, 6, '0001 MIKA BIANCO MIKA', 'images/prop/plastik/top_line/0001_MIKA_BIANCO_MIKA.jpg', 'images/prop/plastik/top_line/thumb/0001_MIKA_BIANCO_MIKA.jpg'),
(1431, 4, 6, '0001 NKD BIANCO NAKED', 'images/prop/plastik/top_line/0001_NKD_BIANCO_NAKED.jpg', 'images/prop/plastik/top_line/thumb/0001_NKD_BIANCO_NAKED.jpg'),
(1432, 4, 6, '0105 XX PEARL WHITE', 'images/prop/plastik/top_line/0105_XX_PEARL_WHITE.jpg', 'images/prop/plastik/top_line/thumb/0105_XX_PEARL_WHITE.jpg'),
(1433, 4, 6, '2443QZ MADREPERLATO 44', 'images/prop/plastik/top_line/2443QZ_MADREPERLATO_44.jpg', 'images/prop/plastik/top_line/thumb/2443QZ_MADREPERLATO_44.jpg'),
(1434, 4, 6, '3290 XX DARK SLATE', 'images/prop/plastik/top_line/3290_XX_DARK_SLATE.jpg', 'images/prop/plastik/top_line/thumb/3290_XX_DARK_SLATE.jpg'),
(1435, 4, 6, '3319 LARIX CANOVACIO ANTRACITE', 'images/prop/plastik/top_line/3319_LARIX_CANOVACIO_ANTRACITE.jpg', 'images/prop/plastik/top_line/thumb/3319_LARIX_CANOVACIO_ANTRACITE.jpg'),
(1436, 4, 6, '3320 LARIX CANOVACCIO BN', 'images/prop/plastik/top_line/3320_LARIX_CANOVACCIO_BN.jpg', 'images/prop/plastik/top_line/thumb/3320_LARIX_CANOVACCIO_BN.jpg'),
(1437, 4, 6, '3491-60 FRESCO SLATE', 'images/prop/plastik/top_line/3491-60_FRESCO_SLATE.jpg', 'images/prop/plastik/top_line/thumb/3491-60_FRESCO_SLATE.jpg'),
(1438, 4, 6, '3498 XX ONTARIO SLATE', 'images/prop/plastik/top_line/3498_XX_ONTARIO_SLATE.jpg', 'images/prop/plastik/top_line/thumb/3498_XX_ONTARIO_SLATE.jpg'),
(1439, 4, 6, '3504 XX RAJA WHITE', 'images/prop/plastik/top_line/3504_XX_RAJA_WHITE.jpg', 'images/prop/plastik/top_line/thumb/3504_XX_RAJA_WHITE.jpg'),
(1440, 4, 6, '3505 XX RAJA BLACK', 'images/prop/plastik/top_line/3505_XX_RAJA_BLACK.jpg', 'images/prop/plastik/top_line/thumb/3505_XX_RAJA_BLACK.jpg'),
(1441, 4, 6, '4143-60 NEUTRAL GLACE', 'images/prop/plastik/top_line/4143-60_NEUTRAL_GLACE.jpg', 'images/prop/plastik/top_line/thumb/4143-60_NEUTRAL_GLACE.jpg'),
(1442, 4, 6, '4491 FLA TAVOLATO BIANCO', 'images/prop/plastik/top_line/4491_FLA_TAVOLATO_BIANCO.jpg', 'images/prop/plastik/top_line/thumb/4491_FLA_TAVOLATO_BIANCO.jpg'),
(1443, 4, 6, '4810-20 ALPINE MELANGE', 'images/prop/plastik/top_line/4810-20_ALPINE_MELANGE.jpg', 'images/prop/plastik/top_line/thumb/4810-20_ALPINE_MELANGE.jpg'),
(1444, 4, 6, '4882-20-60 BAJA MELANGE', 'images/prop/plastik/top_line/4882-20-60_BAJA_MELANGE.jpg', 'images/prop/plastik/top_line/thumb/4882-20-60_BAJA_MELANGE.jpg'),
(1445, 4, 6, 'F 7424 TC SIRA VANILE', 'images/prop/plastik/top_line/F_7424_TC_SIRA_VANILE.jpg', 'images/prop/plastik/top_line/thumb/F_7424_TC_SIRA_VANILE.jpg'),
(1446, 4, 6, 'F 7431 TC SIRA ZOLTA', 'images/prop/plastik/top_line/F_7431_TC_SIRA_ZOLTA.jpg', 'images/prop/plastik/top_line/thumb/F_7431_TC_SIRA_ZOLTA.jpg'),
(1447, 4, 6, 'F 7462 VV ARABESKA CZARNA', 'images/prop/plastik/top_line/F_7462_VV_ARABESKA_CZARNA.jpg', 'images/prop/plastik/top_line/thumb/F_7462_VV_ARABESKA_CZARNA.jpg'),
(1448, 4, 6, 'F 7463 VV ARABESKA BIALA', 'images/prop/plastik/top_line/F_7463_VV_ARABESKA_BIALA.jpg', 'images/prop/plastik/top_line/thumb/F_7463_VV_ARABESKA_BIALA.jpg'),
(1449, 4, 6, 'F 7920 TC LIGHT GREY CORN', 'images/prop/plastik/top_line/F_7920_TC_LIGHT_GREY_CORN.jpg', 'images/prop/plastik/top_line/thumb/F_7920_TC_LIGHT_GREY_CORN.jpg'),
(1450, 4, 6, 'F 8194 VV BLACK MYRIADE (SSV 9021MG)', 'images/prop/plastik/top_line/F_8194_VV_BLACK_MYRIADE_(SSV_9021MG).jpg', 'images/prop/plastik/top_line/thumb/F_8194_VV_BLACK_MYRIADE_(SSV_9021MG).jpg'),
(1451, 4, 6, 'R 6352 TC PEACH CORRO', 'images/prop/plastik/top_line/R_6352_TC_PEACH_CORRO.jpg', 'images/prop/plastik/top_line/thumb/R_6352_TC_PEACH_CORRO.jpg'),
(1452, 4, 6, 'U 1200 CT CZARNY CRYSTAL', 'images/prop/plastik/top_line/U_1200_CT_CZARNY_CRYSTAL.jpg', 'images/prop/plastik/top_line/thumb/U_1200_CT_CZARNY_CRYSTAL.jpg'),
(1453, 5, 7, '0337', 'images/prop/sklo/0337.jpg', 'images/prop/sklo/thumb/0337.jpg'),
(1454, 5, 7, '0627', 'images/prop/sklo/0627.jpg', 'images/prop/sklo/thumb/0627.jpg'),
(1455, 5, 7, '1013', 'images/prop/sklo/1013.jpg', 'images/prop/sklo/thumb/1013.jpg'),
(1456, 5, 7, '1014', 'images/prop/sklo/1014.jpg', 'images/prop/sklo/thumb/1014.jpg'),
(1457, 5, 7, '1015', 'images/prop/sklo/1015.jpg', 'images/prop/sklo/thumb/1015.jpg'),
(1458, 5, 7, '1074', 'images/prop/sklo/1074.jpg', 'images/prop/sklo/thumb/1074.jpg'),
(1459, 5, 7, '1116', 'images/prop/sklo/1116.jpg', 'images/prop/sklo/thumb/1116.jpg'),
(1460, 5, 7, '1164', 'images/prop/sklo/1164.jpg', 'images/prop/sklo/thumb/1164.jpg'),
(1461, 5, 7, '1236', 'images/prop/sklo/1236.jpg', 'images/prop/sklo/thumb/1236.jpg'),
(1462, 5, 7, '1435', 'images/prop/sklo/1435.jpg', 'images/prop/sklo/thumb/1435.jpg'),
(1463, 5, 7, '1586', 'images/prop/sklo/1586.jpg', 'images/prop/sklo/thumb/1586.jpg'),
(1464, 5, 7, '2232', 'images/prop/sklo/2232.jpg', 'images/prop/sklo/thumb/2232.jpg'),
(1465, 5, 7, '3004', 'images/prop/sklo/3004.jpg', 'images/prop/sklo/thumb/3004.jpg'),
(1466, 5, 7, '8017', 'images/prop/sklo/8017.jpg', 'images/prop/sklo/thumb/8017.jpg'),
(1467, 5, 7, '9003', 'images/prop/sklo/9003.jpg', 'images/prop/sklo/thumb/9003.jpg'),
(1468, 5, 7, '9005', 'images/prop/sklo/9005.jpg', 'images/prop/sklo/thumb/9005.jpg'),
(1469, 5, 7, '9010', 'images/prop/sklo/9010.jpg', 'images/prop/sklo/thumb/9010.jpg'),
(1470, 10, 10, 'biege', 'images/prop/obuvka/kogzam/mishel/biege.jpg', 'images/prop/obuvka/kogzam/mishel/thumb/biege.jpg'),
(1471, 10, 10, 'black', 'images/prop/obuvka/kogzam/mishel/black.jpg', 'images/prop/obuvka/kogzam/mishel/thumb/black.jpg'),
(1472, 10, 10, 'coffe', 'images/prop/obuvka/kogzam/mishel/coffe.jpg', 'images/prop/obuvka/kogzam/mishel/thumb/coffe.jpg'),
(1473, 10, 10, 'cream', 'images/prop/obuvka/kogzam/mishel/cream.jpg', 'images/prop/obuvka/kogzam/mishel/thumb/cream.jpg'),
(1474, 10, 10, 'dk brown', 'images/prop/obuvka/kogzam/mishel/dk brown.jpg', 'images/prop/obuvka/kogzam/mishel/thumb/dk brown.jpg'),
(1475, 10, 10, 'gold', 'images/prop/obuvka/kogzam/mishel/gold.jpg', 'images/prop/obuvka/kogzam/mishel/thumb/gold.jpg'),
(1476, 10, 10, 'grey', 'images/prop/obuvka/kogzam/mishel/grey.jpg', 'images/prop/obuvka/kogzam/mishel/thumb/grey.jpg'),
(1477, 10, 10, 'red', 'images/prop/obuvka/kogzam/mishel/red.jpg', 'images/prop/obuvka/kogzam/mishel/thumb/red.jpg'),
(1478, 10, 10, 'white', 'images/prop/obuvka/kogzam/mishel/red.jpg', 'images/prop/obuvka/kogzam/mishel/thumb/red.jpg'),
(1479, 10, 9, '2200', 'images/prop/obuvka/kogzam/fly/2200.jpg', 'images/prop/obuvka/kogzam/fly/thumb/2200.jpg'),
(1480, 10, 9, '2201', 'images/prop/obuvka/kogzam/fly/2201.jpg', 'images/prop/obuvka/kogzam/fly/thumb/2201.jpg'),
(1481, 10, 9, '2202', 'images/prop/obuvka/kogzam/fly/2202.jpg', 'images/prop/obuvka/kogzam/fly/thumb/2202.jpg'),
(1482, 10, 9, '2205', 'images/prop/obuvka/kogzam/fly/2205.jpg', 'images/prop/obuvka/kogzam/fly/thumb/2205.jpg'),
(1483, 10, 9, '2207', 'images/prop/obuvka/kogzam/fly/2207.jpg', 'images/prop/obuvka/kogzam/fly/thumb/2207.jpg'),
(1484, 10, 9, '2210', 'images/prop/obuvka/kogzam/fly/2210.jpg', 'images/prop/obuvka/kogzam/fly/thumb/2210.jpg'),
(1485, 10, 9, '2212', 'images/prop/obuvka/kogzam/fly/2212.jpg', 'images/prop/obuvka/kogzam/fly/thumb/2212.jpg'),
(1486, 10, 9, '2213', 'images/prop/obuvka/kogzam/fly/2213.jpg', 'images/prop/obuvka/kogzam/fly/thumb/2213.jpg'),
(1487, 10, 9, '2220', 'images/prop/obuvka/kogzam/fly/2220.jpg', 'images/prop/obuvka/kogzam/fly/thumb/2220.jpg'),
(1488, 10, 9, '2223', 'images/prop/obuvka/kogzam/fly/2223.jpg', 'images/prop/obuvka/kogzam/fly/thumb/2223.jpg'),
(1489, 10, 9, '2226', 'images/prop/obuvka/kogzam/fly/2226.jpg', 'images/prop/obuvka/kogzam/fly/thumb/2226.jpg'),
(1490, 10, 9, '2227', 'images/prop/obuvka/kogzam/fly/2227.jpg', 'images/prop/obuvka/kogzam/fly/thumb/2227.jpg'),
(1491, 10, 9, '2228', 'images/prop/obuvka/kogzam/fly/2228.jpg', 'images/prop/obuvka/kogzam/fly/thumb/2228.jpg'),
(1492, 10, 9, '2230', 'images/prop/obuvka/kogzam/fly/2230.jpg', 'images/prop/obuvka/kogzam/fly/thumb/2230.jpg'),
(1493, 10, 9, '2231-1', 'images/prop/obuvka/kogzam/fly/2231-1.jpg', 'images/prop/obuvka/kogzam/fly/thumb/2231-1.jpg'),
(1494, 10, 9, '2231', 'images/prop/obuvka/kogzam/fly/2231.jpg', 'images/prop/obuvka/kogzam/fly/thumb/2231.jpg'),
(1495, 10, 9, '2232', 'images/prop/obuvka/kogzam/fly/2232.jpg', 'images/prop/obuvka/kogzam/fly/thumb/2232.jpg'),
(1496, 10, 9, '2233', 'images/prop/obuvka/kogzam/fly/2233.jpg', 'images/prop/obuvka/kogzam/fly/thumb/2233.jpg'),
(1497, 10, 9, '2234', 'images/prop/obuvka/kogzam/fly/2234.jpg', 'images/prop/obuvka/kogzam/fly/thumb/2234.jpg'),
(1498, 10, 9, '2235', 'images/prop/obuvka/kogzam/fly/2235.jpg', 'images/prop/obuvka/kogzam/fly/thumb/2235.jpg'),
(1499, 10, 9, '2236', 'images/prop/obuvka/kogzam/fly/2236.jpg', 'images/prop/obuvka/kogzam/fly/thumb/2236.jpg'),
(1500, 10, 9, '2237', 'images/prop/obuvka/kogzam/fly/2237.jpg', 'images/prop/obuvka/kogzam/fly/thumb/2237.jpg'),
(1501, 10, 9, '2238', 'images/prop/obuvka/kogzam/fly/2238.jpg', 'images/prop/obuvka/kogzam/fly/thumb/2238.jpg'),
(1502, 10, 9, '2239', 'images/prop/obuvka/kogzam/fly/2239.jpg', 'images/prop/obuvka/kogzam/fly/thumb/2239.jpg'),
(1503, 10, 9, '2240', 'images/prop/obuvka/kogzam/fly/2240.jpg', 'images/prop/obuvka/kogzam/fly/thumb/2240.jpg'),
(1504, 10, 8, '020', 'images/prop/obuvka/kogzam/king/020.jpg', 'images/prop/obuvka/kogzam/king/thumb/020.jpg'),
(1505, 10, 8, '050', 'images/prop/obuvka/kogzam/king/050.jpg', 'images/prop/obuvka/kogzam/king/thumb/050.jpg'),
(1506, 10, 8, '290', 'images/prop/obuvka/kogzam/king/290.jpg', 'images/prop/obuvka/kogzam/king/thumb/290.jpg'),
(1507, 10, 8, '310', 'images/prop/obuvka/kogzam/king/310.jpg', 'images/prop/obuvka/kogzam/king/thumb/310.jpg'),
(1508, 10, 8, '320', 'images/prop/obuvka/kogzam/king/320.jpg', 'images/prop/obuvka/kogzam/king/thumb/320.jpg'),
(1509, 10, 8, '329', 'images/prop/obuvka/kogzam/king/329.jpg', 'images/prop/obuvka/kogzam/king/thumb/329.jpg'),
(1510, 10, 8, '400', 'images/prop/obuvka/kogzam/king/400.jpg', 'images/prop/obuvka/kogzam/king/thumb/400.jpg'),
(1511, 10, 8, '631', 'images/prop/obuvka/kogzam/king/631.jpg', 'images/prop/obuvka/kogzam/king/thumb/631.jpg'),
(1512, 10, 8, '717', 'images/prop/obuvka/kogzam/king/717.jpg', 'images/prop/obuvka/kogzam/king/thumb/717.jpg'),
(1513, 10, 8, '901', 'images/prop/obuvka/kogzam/king/901.jpg', 'images/prop/obuvka/kogzam/king/thumb/901.jpg'),
(1514, 10, 11, '1 Ivory', 'images/prop/obuvka/velur/izabel/1_Ivory.jpg', 'images/prop/obuvka/velur/izabel/thumb/1_Ivory.jpg'),
(1515, 10, 11, '2 Cream', 'images/prop/obuvka/velur/izabel/2_Cream.jpg', 'images/prop/obuvka/velur/izabel/thumb/2_Cream.jpg'),
(1516, 10, 11, '3 Lt Grey', 'images/prop/obuvka/velur/izabel/3_Lt_Grey.jpg', 'images/prop/obuvka/velur/izabel/thumb/3_Lt_Grey.jpg'),
(1517, 10, 11, '4 Caramel', 'images/prop/obuvka/velur/izabel/4_Caramel.jpg', 'images/prop/obuvka/velur/izabel/thumb/4_Caramel.jpg'),
(1518, 10, 11, '6 Grey', 'images/prop/obuvka/velur/izabel/6_Grey.jpg', 'images/prop/obuvka/velur/izabel/thumb/6_Grey.jpg'),
(1519, 10, 11, '7 Black', 'images/prop/obuvka/velur/izabel/7_Black.jpg', 'images/prop/obuvka/velur/izabel/thumb/7_Black.jpg'),
(1520, 10, 11, '8 Bordo', 'images/prop/obuvka/velur/izabel/8_Bordo.jpg', 'images/prop/obuvka/velur/izabel/thumb/8_Bordo.jpg'),
(1521, 10, 11, '9 Brown', 'images/prop/obuvka/velur/izabel/9_Brown.jpg', 'images/prop/obuvka/velur/izabel/thumb/9_Brown.jpg');

-- --------------------------------------------------------

--
-- Структура таблицы `properties_info`
--

CREATE TABLE IF NOT EXISTS `properties_info` (
  `property_info_id` tinyint(3) unsigned NOT NULL AUTO_INCREMENT,
  `type` varchar(255) NOT NULL,
  `collection` varchar(255) NOT NULL,
  PRIMARY KEY (`property_info_id`)
) ENGINE=InnoDB  DEFAULT CHARSET=utf8 AUTO_INCREMENT=12 ;

--
-- Дамп данных таблицы `properties_info`
--

INSERT INTO `properties_info` (`property_info_id`, `type`, `collection`) VALUES
(1, 'ДСП', 'Egger'),
(2, 'RAL', 'RAL'),
(3, 'Ilva', 'Ilva'),
(4, 'Штучний камінь', 'Штучний камінь'),
(5, 'Пластик', 'art line'),
(6, 'Пластик', 'top line'),
(7, 'Скло', 'lacobel'),
(8, 'Кожзам', 'Кінг'),
(9, 'Кожзам', 'Флай'),
(10, 'Кожзам', 'Мішель'),
(11, 'Велюр', 'Ізабель');

-- --------------------------------------------------------

--
-- Структура таблицы `shipment_methods`
--

CREATE TABLE IF NOT EXISTS `shipment_methods` (
  `shipment_name_id` int(1) unsigned NOT NULL AUTO_INCREMENT,
  `shipment_name` varchar(100) NOT NULL,
  PRIMARY KEY (`shipment_name_id`)
) ENGINE=InnoDB  DEFAULT CHARSET=utf8 AUTO_INCREMENT=11 ;

--
-- Дамп данных таблицы `shipment_methods`
--

INSERT INTO `shipment_methods` (`shipment_name_id`, `shipment_name`) VALUES
(1, 'Нова Пошта'),
(2, 'Ін-Тайм'),
(3, 'Нічний експрес'),
(4, 'Автолюкс'),
(5, 'Гюнсел'),
(6, 'Делівері'),
(7, 'САТ'),
(8, 'Попутний транспорт'),
(9, 'Самовивіз'),
(10, 'Кур''єр ПП Олесенко');

-- --------------------------------------------------------

--
-- Структура таблицы `shops`
--

CREATE TABLE IF NOT EXISTS `shops` (
  `shop_id` smallint(5) unsigned NOT NULL AUTO_INCREMENT,
  `city_id` smallint(5) unsigned NOT NULL,
  `price_group_id` tinyint(3) unsigned NOT NULL,
  `full_name` varchar(255) NOT NULL,
  `name` varchar(255) NOT NULL,
  `address` varchar(255) NOT NULL,
  `phone` varchar(255) NOT NULL,
  `email` varchar(255) NOT NULL,
  `debt` varchar(255) NOT NULL,
  `comment` text NOT NULL,
  `created_on` datetime NOT NULL,
  `created_by` varchar(40) NOT NULL,
  `modified_on` datetime NOT NULL,
  `modified_by` varchar(40) NOT NULL,
  PRIMARY KEY (`shop_id`)
) ENGINE=InnoDB  DEFAULT CHARSET=utf8 AUTO_INCREMENT=35 ;

--
-- Дамп данных таблицы `shops`
--

INSERT INTO `shops` (`shop_id`, `city_id`, `price_group_id`, `full_name`, `name`, `address`, `phone`, `email`, `debt`, `comment`, `created_on`, `created_by`, `modified_on`, `modified_by`) VALUES
(1, 184, 2, 'ПП Самойленко Альона Л.', 'Декор Сервіс', 'Московський пр-т, 8', '066 433 6757', 'alenabud@ukr.net', '', '', '2014-09-08 20:25:57', '', '2014-09-08 20:37:36', ''),
(2, 184, 2, 'ПП Волкова Юлія Анатолівна', 'SuperMart', 'вул. Коноплянська №12', '044 362 5971, 094 927 2971\n', 'info@supermart.com.ua', '', '', '2014-09-08 21:25:31', '', '2014-09-08 21:25:31', ''),
(3, 184, 2, 'ПП Прялов Володимир', 'Комод', 'вул. Тимошенко 13Аe', '096 776 4206,\n044 426 0008,\n067 410 2499,\n', 'komodsalon@gmail.com, komod2@gmail.com', '', '', '2014-09-08 21:26:42', '', '2014-09-08 21:26:42', ''),
(4, 184, 2, 'ПП Василенко Олексій Євгенович', 'Меблеве містечко', 'вул. Петропавловська 10', '095 248 1932', 'alexey.mvk@gmail.com', '', '', '2014-09-08 21:54:19', '', '2014-09-08 21:54:19', ''),
(5, 184, 2, 'ПП Іщенко Галина Юхимівна', '4ROOM, Даринок', 'вул. Петропавловська 6', '067 402 5883,\r\n067 963 2120 (4room)\r\n', 'galexica@ukr.net, inna.73@ukr.net ', '', '', '2014-09-08 21:55:38', '', '2014-09-19 16:46:24', ''),
(6, 184, 2, 'ПП Настарчук Вадим В.', 'Декор Сервіс', 'Московський пр-т, 8', '097 966 5851,\r\n044 353 6361,\r\n097 281 5290 Лэна,\r\n097 947 0736 Юрій\r\n', 'nastarlog@mail.ru, info@souzmebel.com.ua', '', '', '2014-09-08 21:57:09', '', '2014-09-08 21:57:09', ''),
(7, 184, 2, 'ПП Левківська Валентина', 'Аракс', 'вул. Кільцева 110', '067 285 8024', '', '', '', '2014-09-08 21:59:21', '', '2014-09-08 21:59:21', ''),
(8, 184, 2, 'ПП Кірік Тетяна Євгенівна (Рак Володимир)', '', 'вул. Мельникова 53/55', '097 556 3030 Іра ', 'kirindas_igor@ukr.net', '', '', '2014-09-08 22:00:35', '', '2014-09-08 22:00:35', ''),
(9, 184, 2, 'ПП Слабченко Олена М.', 'Ваш Дім', 'вул. Біломорська 2', '067 509 3232', 'esh-mail@mail.ru', '', '', '2014-09-08 22:01:50', '', '2014-09-08 22:01:50', ''),
(10, 197, 2, 'ПП Марунич', 'Мебель Плаза', '', '098 961 90 10 ', 'mebel.plaza.12@mail.ru', '', '', '2014-09-08 22:02:49', '', '2014-09-08 22:02:49', ''),
(11, 197, 2, 'ПП Удовіцкий Владислав', '', '', '068 921 1444', 'pravimebel@mail.ru', '', '', '2014-09-08 22:03:27', '', '2014-09-08 22:03:27', ''),
(12, 220, 2, 'ПП Філатова Олена Петрівна', 'Бумеранг,  Лінія Інтер’єра', '', '0536 79 10 03,\r\n0536 51 27 34\r\n', 'bumerung777@gmail.com, filatov@link-kremen.net, linia.inter@inbox.ru', '', '', '2014-09-08 22:05:14', '', '2014-09-08 22:05:14', ''),
(13, 220, 2, 'ПП Захарова Марина С.', 'Арсенал', '', '0536 79 11 73,\r\n066 488 2140,\r\n068 650 6263,\r\n096 993 4107\r\n', 'mebel-arsenal@yandex.ua', '', '', '2014-09-08 22:06:18', '', '2014-09-08 22:06:18', ''),
(14, 220, 2, 'ПП Кухар Людмила Сергіївна', 'Мегаполіс Меблів', '', '0536 79 11 73\r\n097 773 6270 Бух. Надежда\r\n', '', '', '', '2014-09-08 22:07:36', '', '2014-09-08 22:07:36', ''),
(15, 220, 2, 'ПП Смоляков Дмитро Олегович', 'Ренесанс', 'вул. Шевченка 29', '098 652 6308', 'mebel_renessans@mail.ru', '', '', '2014-09-08 22:08:52', '', '2014-09-08 22:08:52', ''),
(16, 220, 2, 'ПП Булаєнко Н.І. ', '', '', '067 771 8042,\r\n0536 79 19 88\r\n', '12stuliev@ukr.net', '', '', '2014-09-08 22:09:41', '', '2014-09-08 22:09:41', ''),
(17, 319, 2, 'ПП Гасан Лилия Миколаївна', '', 'вул. Фрунзе 225', '050 578 2728', 'hasan-poltava@ukr.net', '', '', '2014-09-08 22:10:32', '', '2014-09-08 22:10:32', ''),
(18, 351, 2, 'ПП Гончаров К. В.', 'Домовой', '', '05236 700 72', '', '', '', '2014-09-08 22:11:18', '', '2014-09-08 22:11:18', ''),
(19, 351, 2, 'ПП Сапсай Віталіна', '', 'вул. Ювілейна 9', '097 932 9705', 'visapsay@yandex.ru', '', '', '2014-09-08 22:12:01', '', '2014-09-08 22:12:01', ''),
(20, 187, 2, 'ПП Душак Надія Миколаївна', 'Діван-Діванич', '', '050 729 7400\r\n0522 24 99 55\r\n', 'divan@i.ua', '', '', '2014-09-08 22:12:50', '', '2014-09-08 22:12:50', ''),
(21, 187, 2, 'ПП Артишкова Оксана Валерівна', 'Едем', 'вул. Полтавська 23', '067 520 1720,\r\n0522 33 14 33 факс\r\n', 'ms_edem@ukr.net', '', '', '2014-09-08 22:19:54', '', '2014-09-08 22:19:54', ''),
(22, 187, 2, 'ПП Зубченко Олена Олександрівна', 'Злато', '', '0522 24 57 93', 'shapoval.mila@yandex.ru', '', '', '2014-09-08 22:20:45', '', '2014-09-08 22:20:45', ''),
(23, 187, 2, 'ПП Маломуж Тетяна Леонідівна', 'BRW, Максидом', '', '0522 37 80 13,\r\n067 520 4346 Оля\r\n', 'snab@maxidom.ua porkuyan.olga@maxidom.ua snab@maxidom.kr.ua olga.p.777@mail.ru', '', '', '2014-09-08 22:21:22', '', '2014-09-08 22:21:22', ''),
(24, 290, 2, 'ПП Башина Олена Володимирівна', '', '', '067 482 6345', 'bashin.kirill@mail.ru', '', '', '2014-09-08 22:22:18', '', '2014-09-08 22:22:18', ''),
(25, 246, 2, 'ПП Світлична Марія Миколаївна', 'Арт-мебель', '', '097 429 9966', 'art-mebel@ukr.net', '', '', '2014-09-08 22:23:11', '', '2014-09-08 22:23:11', ''),
(26, 354, 2, 'ПП Гвоздікевич Констянтин', 'Lusso', 'вул. Руднева 38', '067 851 12 11 ', 'sevlusso@gmail.com', '', '', '2014-09-08 22:24:13', '', '2014-09-08 22:24:13', ''),
(27, 434, 2, 'ПП Звягельський Олександр Л.', '', '', '093 788 6826', 'grec.79@mail.ru', '', '', '2014-09-08 22:25:17', '', '2014-09-08 22:25:17', ''),
(28, 434, 2, 'ПП Наджафов Сергій А.', '', '', '', '', '', '', '2014-09-08 22:25:59', '', '2014-09-08 22:25:59', ''),
(29, 434, 2, 'ПП Левенець Тетяна', 'Велюр', 'вул. Рози Люксембург 13', '0472 31 30 49\r\n067 470 5522\r\n', 'meblur@mail.ru', '', '', '2014-09-08 22:26:37', '', '2014-09-08 22:26:37', ''),
(30, 434, 2, 'ПП Луговський Олександр', '', 'вул. Чехова', '', '', '', '', '2014-09-08 22:27:01', '', '2014-09-08 22:27:01', ''),
(31, 413, 2, 'ПП Апостол Олег Михайлович', '', '', '067 235 1025 \r\n096 208 8838\r\n', 'meblielegant@yandex.ru', '', '', '2014-09-08 22:27:54', '', '2014-09-08 22:27:54', ''),
(32, 80, 2, 'ПП Степаненко Андрій Сергійович', '', '', '096 344 7307', 'artmebli83@mail.ru', '', '', '2014-09-08 22:28:44', '', '2014-09-08 22:28:44', ''),
(33, 118, 2, 'ПП Родіонов Геннадій ПП Мацак Олена', 'DAOSUN', 'вул.Нижньодніпровська 17', '067 632 6615\r\n050 731 1097 Мищ.Андр.\r\n', 'andrey_m@daosun.com.ua', '', '', '2014-09-08 22:31:31', '', '2014-09-08 22:31:31', ''),
(34, 118, 2, 'ПП Старина Міла', 'Камо', '', '067 562 7765', '', '', '', '2014-09-08 22:31:55', '', '2014-09-08 22:31:55', '');

-- --------------------------------------------------------

--
-- Структура таблицы `status`
--

CREATE TABLE IF NOT EXISTS `status` (
  `status_id` int(10) unsigned NOT NULL AUTO_INCREMENT,
  `status_name` varchar(255) NOT NULL,
  `status_desc` varchar(255) NOT NULL,
  PRIMARY KEY (`status_id`)
) ENGINE=InnoDB  DEFAULT CHARSET=utf8 AUTO_INCREMENT=8 ;

--
-- Дамп данных таблицы `status`
--

INSERT INTO `status` (`status_id`, `status_name`, `status_desc`) VALUES
(1, 'Прийняте', 'Замовлення прийняте'),
(2, 'В роботі', 'Замовлення відпрвленно в цех'),
(3, 'Готово', 'Замовлення готове'),
(4, 'Упаковане', 'Замовлення упаковано'),
(5, 'Відправленно', 'Замовлення відправлено замовнику'),
(6, 'Отримано', 'Замовлення отрино'),
(7, 'Архів', 'замовлення в архіві');

-- --------------------------------------------------------

--
-- Структура таблицы `tables`
--

CREATE TABLE IF NOT EXISTS `tables` (
  `id` int(11) NOT NULL AUTO_INCREMENT,
  `name` varchar(20) NOT NULL,
  `site_price` int(11) NOT NULL,
  `shop_price` int(11) NOT NULL,
  PRIMARY KEY (`id`)
) ENGINE=InnoDB DEFAULT CHARSET=utf8 AUTO_INCREMENT=1 ;

-- --------------------------------------------------------

--
-- Структура таблицы `tabletop`
--

CREATE TABLE IF NOT EXISTS `tabletop` (
  `tabletop_id` tinyint(4) NOT NULL AUTO_INCREMENT,
  `attribute_id` tinyint(3) unsigned NOT NULL,
  `add` decimal(10,2) unsigned NOT NULL,
  PRIMARY KEY (`tabletop_id`)
) ENGINE=InnoDB  DEFAULT CHARSET=utf8 AUTO_INCREMENT=5 ;

--
-- Дамп данных таблицы `tabletop`
--

INSERT INTO `tabletop` (`tabletop_id`, `attribute_id`, `add`) VALUES
(1, 1, '2.00'),
(2, 2, '3.00'),
(3, 5, '3.00'),
(4, 3, '4.50');

-- --------------------------------------------------------

--
-- Структура таблицы `user`
--

CREATE TABLE IF NOT EXISTS `user` (
  `id` int(11) NOT NULL AUTO_INCREMENT,
  `username` varchar(128) COLLATE utf8_unicode_ci NOT NULL,
  `password` varchar(128) COLLATE utf8_unicode_ci NOT NULL,
  `salt` varchar(128) COLLATE utf8_unicode_ci NOT NULL,
  `email` varchar(128) COLLATE utf8_unicode_ci NOT NULL,
  `profile` text COLLATE utf8_unicode_ci,
  PRIMARY KEY (`id`)
) ENGINE=InnoDB  DEFAULT CHARSET=utf8 COLLATE=utf8_unicode_ci AUTO_INCREMENT=5 ;

--
-- Дамп данных таблицы `user`
--

INSERT INTO `user` (`id`, `username`, `password`, `salt`, `email`, `profile`) VALUES
(1, 'demo', '7d7775de6d73f21526c020ad1a3ebced', '509d3534b95f05.13852085', 'webmaster@example.com', 'Demo User'),
(2, 'admin', 'c847d39205c55da15c6c92bec43a0280', '509d354cef20a0.35529341', 'admin@mail.ru', 'guest'),
(3, 'orb', '5855e5934394f9fa489f3a015035ab71', '542a64966dc8c0.60917556', 'orb@oleksenko.com.ua', 'admin'),
(4, 'oleg', 'b5d17ecf89599a4fcd032e2802082bf8', '542a8b367d7f45.37145485', 'oleglutsenko@ukr.net', 'admin');

/*!40101 SET CHARACTER_SET_CLIENT=@OLD_CHARACTER_SET_CLIENT */;
/*!40101 SET CHARACTER_SET_RESULTS=@OLD_CHARACTER_SET_RESULTS */;
/*!40101 SET COLLATION_CONNECTION=@OLD_COLLATION_CONNECTION */;
